knot,baseline,paper,september,relation
11a_14,"[2,3]","[2,3]","[2,2]",paper_weaker
11a_144,"[2,3]","[3,3]","[3,3]",equal
11a_18,"[2,3]","[2,3]","[2,2]",paper_weaker
11a_291,"[3,4]","[4,4]","[3,4]",paper_stronger
11a_298,"[3,4]","[4,4]","[3,4]",paper_stronger
11a_299,"[2,3]","[3,3]","[3,3]",equal
11a_319,"[3,4]","[4,4]","[3,4]",paper_stronger
11a_320,"[2,3]","[3,3]","[3,3]",equal
11a_329,"[2,3]","[3,3]","[3,3]",equal
11a_336,"[3,4]","[4,4]","[3,4]",paper_stronger
11a_340,"[3,4]","[4,4]","[3,4]",paper_stronger
11a_353,"[3,4]","[4,4]","[3,4]",paper_stronger
11a_354,"[2,4]","[3,4]","[3,4]",equal
11a_356,"[3,4]","[4,4]","[3,4]",paper_stronger
11a_357,"[3,4]","[4,4]","[3,4]",paper_stronger
11a_63,"[2,3]","[3,3]","[3,3]",equal
11a_64,"[2,3]","[3,3]","[3,3]",equal
11a_83,"[2,3]","[2,3]","[2,2]",paper_weaker
11n_122,"[1,2]","[2,2]","[1,2]",paper_stronger
11n_138,"[1,2]","[2,2]","[1,2]",paper_stronger
11n_17,"[1,2]","[2,2]","[1,2]",paper_stronger
11n_23,"[2,3]","[2,3]","[2,2]",paper_weaker
11n_3,"[1,2]","[2,2]","[1,2]",paper_stronger
11n_51,"[1,2]","[2,2]","[1,2]",paper_stronger
11n_54,"[1,2]","[2,2]","[1,2]",paper_stronger
11n_60,"[1,2]","[2,2]","[1,2]",paper_stronger
12a_1004,"[3,4]","[4,4]","[3,4]",paper_stronger
12a_102,"[3,4]","[4,4]","[3,4]",paper_stronger
12a_1035,"[3,4]","[4,4]","[3,4]",paper_stronger
12a_1037,"[2,4]","[3,4]","[3,4]",equal
12a_107,"[3,4]","[4,4]","[3,3]",disjoint
12a_1097,"[2,4]","[3,4]","[3,4]",equal
12a_1112,"[3,4]","[4,4]","[3,4]",paper_stronger
12a_1113,"[2,4]","[3,4]","[3,4]",equal
12a_144,"[3,4]","[4,4]","[3,4]",paper_stronger
12a_145,"[3,4]","[4,4]","[3,4]",paper_stronger
12a_152,"[2,3]","[3,3]","[3,3]",equal
12a_156,"[2,4]","[3,4]","[3,4]",equal
12a_231,"[2,3]","[3,3]","[3,3]",equal
12a_240,"[2,3]","[2,3]","[2,2]",paper_weaker
12a_244,"[2,3]","[2,3]","[2,2]",paper_weaker
12a_254,"[2,3]","[3,3]","[3,3]",equal
12a_269,"[2,3]","[3,3]","[3,3]",equal
12a_289,"[2,3]","[3,3]","[3,3]",equal
12a_319,"[3,4]","[4,4]","[3,4]",paper_stronger
12a_320,"[2,3]","[3,3]","[3,3]",equal
12a_331,"[2,3]","[3,3]","[3,3]",equal
12a_35,"[2,3]","[3,3]","[3,3]",equal
12a_368,"[3,4]","[4,4]","[3,4]",paper_stronger
12a_37,"[2,3]","[3,3]","[3,3]",equal
12a_391,"[3,4]","[4,4]","[3,4]",paper_stronger
12a_392,"[2,4]","[3,4]","[3,4]",equal
12a_41,"[2,3]","[2,3]","[2,2]",paper_weaker
12a_421,"[2,3]","[3,3]","[3,3]",equal
12a_431,"[3,4]","[4,4]","[3,4]",paper_stronger
12a_443,"[2,3]","[3,3]","[3,3]",equal
12a_462,"[2,3]","[2,3]","[2,2]",paper_weaker
12a_47,"[2,3]","[3,3]","[3,3]",equal
12a_49,"[2,3]","[2,3]","[2,2]",paper_weaker
12a_586,"[3,4]","[4,4]","[3,4]",paper_stronger
12a_610,"[2,3]","[3,3]","[3,3]",equal
12a_634,"[2,3]","[3,3]","[2,3]",paper_stronger
12a_639,"[2,3]","[2,3]","[2,2]",paper_weaker
12a_653,"[2,3]","[3,3]","[3,3]",equal
12a_659,"[3,4]","[4,4]","[3,4]",paper_stronger
12a_661,"[2,3]","[3,3]","[3,3]",equal
12a_680,"[2,3]","[2,3]","[2,2]",paper_weaker
12a_75,"[2,3]","[3,3]","[3,3]",equal
12a_763,"[2,3]","[3,3]","[3,3]",equal
12a_764,"[2,3]","[3,3]","[3,3]",equal
12a_795,"[2,3]","[3,3]","[3,3]",equal
12a_796,"[2,3]","[3,3]","[3,3]",equal
12a_798,"[2,3]","[3,3]","[3,3]",equal
12a_800,"[2,3]","[3,3]","[3,3]",equal
12a_812,"[2,3]","[3,3]","[3,3]",equal
12a_814,"[3,4]","[4,4]","[3,4]",paper_stronger
12a_828,"[3,4]","[4,4]","[3,4]",paper_stronger
12a_877,"[3,4]","[4,4]","[3,4]",paper_stronger
12a_880,"[2,3]","[3,3]","[3,3]",equal
12a_900,"[3,4]","[4,4]","[3,4]",paper_stronger
12a_938,"[2,3]","[3,3]","[3,3]",equal
12a_94,"[3,4]","[4,4]","[3,4]",paper_stronger
12a_967,"[2,3]","[3,3]","[3,3]",equal
12a_97,"[2,3]","[3,3]","[3,3]",equal
12a_973,"[3,4]","[4,4]","[3,4]",paper_stronger
12a_974,"[2,3]","[3,3]","[3,3]",equal
12a_978,"[2,3]","[3,3]","[3,3]",equal
12a_983,"[2,3]","[3,3]","[3,3]",equal
12a_995,"[3,4]","[4,4]","[3,4]",paper_stronger
12a_996,"[2,3]","[3,3]","[3,3]",equal
12n_11,"[1,2]","[2,2]","[1,2]",paper_stronger
12n_12,"[1,2]","[2,2]","[1,2]",paper_stronger
12n_135,"[2,3]","[2,3]","[2,2]",paper_weaker
12n_154,"[1,2]","[2,2]","[1,2]",paper_stronger
12n_159,"[1,2]","[2,2]","[1,2]",paper_stronger
12n_160,"[1,2]","[2,2]","[1,2]",paper_stronger
12n_162,"[1,2]","[2,2]","[1,2]",paper_stronger
12n_167,"[1,3]","[2,3]","[1,3]",paper_stronger
12n_170,"[1,2]","[2,2]","[1,2]",paper_stronger
12n_208,"[2,3]","[2,3]","[2,2]",paper_weaker
12n_212,"[2,3]","[2,3]","[2,2]",paper_weaker
12n_238,"[1,2]","[2,2]","[1,2]",paper_stronger
12n_241,"[1,2]","[2,2]","[1,2]",paper_stronger
12n_286,"[1,2]","[2,2]","[1,2]",paper_stronger
12n_288,"[1,2]","[2,2]","[1,2]",paper_stronger
12n_295,"[1,2]","[2,2]","[1,2]",paper_stronger
12n_301,"[1,2]","[2,2]","[1,2]",paper_stronger
12n_302,"[1,2]","[2,2]","[1,2]",paper_stronger
12n_304,"[1,3]","[2,3]","[1,3]",paper_stronger
12n_307,"[1,3]","[2,3]","[1,3]",paper_stronger
12n_337,"[1,2]","[2,2]","[1,2]",paper_stronger
12n_41,"[1,2]","[2,2]","[1,2]",paper_stronger
12n_42,"[1,2]","[2,2]","[1,2]",paper_stronger
12n_43,"[1,2]","[2,2]","[1,2]",paper_stronger
12n_44,"[1,2]","[2,2]","[1,2]",paper_stronger
12n_444,"[1,2]","[2,2]","[1,2]",paper_stronger
12n_45,"[1,2]","[2,2]","[1,2]",paper_stronger
12n_457,"[1,2]","[2,2]","[1,2]",paper_stronger
12n_47,"[1,2]","[2,2]","[1,2]",paper_stronger
12n_470,"[1,2]","[2,2]","[1,2]",paper_stronger
12n_471,"[1,2]","[2,2]","[1,2]",paper_stronger
12n_475,"[1,2]","[2,2]","[1,2]",paper_stronger
12n_478,"[1,2]","[2,2]","[1,2]",paper_stronger
12n_479,"[1,2]","[2,2]","[1,2]",paper_stronger
12n_48,"[1,2]","[2,2]","[1,2]",paper_stronger
12n_491,"[1,2]","[2,2]","[1,2]",paper_stronger
12n_500,"[1,2]","[2,2]","[1,2]",paper_stronger
12n_501,"[1,2]","[2,2]","[1,2]",paper_stronger
12n_522,"[1,3]","[2,3]","[1,3]",paper_stronger
12n_523,"[1,2]","[2,2]","[1,2]",paper_stronger
12n_550,"[1,2]","[2,2]","[1,2]",paper_stronger
12n_564,"[1,2]","[2,2]","[1,2]",paper_stronger
12n_577,"[1,2]","[2,2]","[1,2]",paper_stronger
12n_578,"[1,2]","[2,2]","[1,2]",paper_stronger
12n_721,"[1,3]","[2,3]","[1,3]",paper_stronger
12n_723,"[1,2]","[2,2]","[1,2]",paper_stronger
12n_873,"[1,3]","[2,3]","[1,3]",paper_stronger
12n_90,"[2,3]","[2,3]","[2,2]",paper_weaker
13a_1043,"[2,3]","[3,3]","[3,3]",equal
13a_1051,"[2,3]","[3,3]","[3,3]",equal
13a_1061,"[3,4]","[4,4]","[3,4]",paper_stronger
13a_1062,"[2,3]","[3,3]","[3,3]",equal
13a_1069,"[1,4]","[2,4]","[2,3]",paper_weaker
13a_1137,"[2,3]","[3,3]","[3,3]",equal
13a_1140,"[2,3]","[3,3]","[3,3]",equal
13a_1147,"[2,3]","[3,3]","[3,3]",equal
13a_1182,"[2,3]","[3,3]","[3,3]",equal
13a_12,"[1,3]","[2,3]","[2,2]",paper_weaker
13a_120,"[1,3]","[2,3]","[2,2]",paper_weaker
13a_121,"[1,3]","[2,3]","[2,2]",paper_weaker
13a_1232,"[2,3]","[3,3]","[2,3]",paper_stronger
13a_1238,"[2,3]","[3,3]","[2,3]",paper_stronger
13a_1270,"[3,4]","[4,4]","[3,4]",paper_stronger
13a_1273,"[2,3]","[3,3]","[2,3]",paper_stronger
13a_1295,"[2,3]","[3,3]","[3,3]",equal
13a_1306,"[3,4]","[4,4]","[3,4]",paper_stronger
13a_1317,"[2,3]","[3,3]","[2,3]",paper_stronger
13a_1329,"[2,3]","[3,3]","[3,3]",equal
13a_133,"[1,4]","[2,4]","[2,3]",paper_weaker
13a_1331,"[2,3]","[3,3]","[3,3]",equal
13a_1339,"[2,3]","[3,3]","[3,3]",equal
13a_1353,"[3,4]","[4,4]","[3,4]",paper_stronger
13a_1354,"[3,4]","[4,4]","[3,4]",paper_stronger
13a_1356,"[3,4]","[4,4]","[3,4]",paper_stronger
13a_1398,"[2,3]","[3,3]","[2,3]",paper_stronger
13a_1403,"[2,3]","[3,3]","[3,3]",equal
13a_1413,"[2,3]","[3,3]","[3,3]",equal
13a_1440,"[2,3]","[3,3]","[3,3]",equal
13a_1465,"[2,3]","[3,3]","[3,3]",equal
13a_1467,"[3,4]","[4,4]","[3,4]",paper_stronger
13a_1469,"[2,3]","[3,3]","[3,3]",equal
13a_1471,"[3,4]","[4,4]","[3,4]",paper_stronger
13a_1472,"[2,3]","[3,3]","[3,3]",equal
13a_1475,"[2,3]","[3,3]","[3,3]",equal
13a_1491,"[2,3]","[3,3]","[3,3]",equal
13a_1495,"[2,3]","[3,3]","[3,3]",equal
13a_1499,"[2,3]","[3,3]","[3,3]",equal
13a_15,"[2,3]","[3,3]","[2,2]",disjoint
13a_150,"[2,3]","[3,3]","[3,3]",equal
13a_154,"[2,3]","[3,3]","[3,3]",equal
13a_1546,"[2,3]","[3,3]","[3,3]",equal
13a_1547,"[2,3]","[3,3]","[3,3]",equal
13a_1549,"[1,3]","[2,3]","[2,2]",paper_weaker
13a_1552,"[2,3]","[3,3]","[3,3]",equal
13a_1554,"[2,3]","[3,3]","[3,3]",equal
13a_1557,"[2,3]","[3,3]","[2,3]",paper_stronger
13a_157,"[2,4]","[2,4]","[2,3]",paper_weaker
13a_1580,"[2,3]","[3,3]","[3,3]",equal
13a_16,"[2,3]","[3,3]","[3,3]",equal
13a_160,"[2,4]","[2,4]","[2,3]",paper_weaker
13a_1615,"[2,3]","[3,3]","[3,3]",equal
13a_1616,"[2,3]","[3,3]","[3,3]",equal
13a_1617,"[2,3]","[3,3]","[2,3]",paper_stronger
13a_1618,"[2,3]","[3,3]","[3,3]",equal
13a_162,"[2,4]","[2,4]","[2,3]",paper_weaker
13a_1638,"[2,3]","[3,3]","[2,3]",paper_stronger
13a_1643,"[2,3]","[3,3]","[3,3]",equal
13a_1656,"[1,3]","[2,3]","[2,2]",paper_weaker
13a_1698,"[1,4]","[2,4]","[2,3]",paper_weaker
13a_170,"[2,3]","[3,3]","[3,3]",equal
13a_1712,"[1,3]","[2,3]","[2,2]",paper_weaker
13a_172,"[2,3]","[3,3]","[3,3]",equal
13a_1721,"[2,3]","[3,3]","[2,3]",paper_stronger
13a_174,"[2,4]","[2,4]","[2,3]",paper_weaker
13a_1786,"[2,3]","[3,3]","[2,3]",paper_stronger
13a_179,"[2,3]","[2,3]","[2,2]",paper_weaker
13a_1826,"[2,3]","[3,3]","[2,3]",paper_stronger
13a_1893,"[3,4]","[4,4]","[3,4]",paper_stronger
13a_19,"[1,3]","[2,3]","[2,2]",paper_weaker
13a_1910,"[2,3]","[3,3]","[2,3]",paper_stronger
13a_1911,"[3,4]","[4,4]","[3,4]",paper_stronger
13a_1941,"[3,4]","[4,4]","[3,4]",paper_stronger
13a_1943,"[2,3]","[3,3]","[3,3]",equal
13a_195,"[1,4]","[2,4]","[2,3]",paper_weaker
13a_1974,"[2,3]","[3,3]","[2,3]",paper_stronger
13a_1984,"[2,3]","[3,3]","[2,3]",paper_stronger
13a_1997,"[2,4]","[2,4]","[2,3]",paper_weaker
13a_2008,"[2,3]","[3,3]","[2,3]",paper_stronger
13a_2025,"[2,3]","[3,3]","[2,3]",paper_stronger
13a_203,"[2,4]","[2,4]","[2,3]",paper_weaker
13a_2037,"[2,3]","[3,3]","[3,3]",equal
13a_2076,"[3,4]","[4,4]","[3,4]",paper_stronger
13a_209,"[2,3]","[3,3]","[3,3]",equal
13a_2125,"[2,3]","[3,3]","[3,3]",equal
13a_2128,"[3,4]","[4,4]","[3,4]",paper_stronger
13a_2129,"[2,4]","[3,4]","[3,4]",equal
13a_2149,"[3,4]","[4,4]","[3,4]",paper_stronger
13a_217,"[2,3]","[3,3]","[3,3]",equal
13a_2185,"[2,3]","[3,3]","[3,3]",equal
13a_2269,"[2,3]","[3,3]","[3,3]",equal
13a_2289,"[3,4]","[4,4]","[3,4]",paper_stronger
13a_2290,"[2,3]","[3,3]","[3,3]",equal
13a_2291,"[2,3]","[3,3]","[3,3]",equal
13a_2295,"[2,3]","[3,3]","[3,3]",equal
13a_231,"[2,3]","[3,3]","[3,3]",equal
13a_2310,"[2,3]","[3,3]","[3,3]",equal
13a_2317,"[2,3]","[3,3]","[3,3]",equal
13a_2333,"[3,4]","[4,4]","[3,4]",paper_stronger
13a_2334,"[2,3]","[3,3]","[3,3]",equal
13a_2342,"[3,4]","[4,4]","[3,4]",paper_stronger
13a_2359,"[2,3]","[3,3]","[3,3]",equal
13a_236,"[1,4]","[2,4]","[2,3]",paper_weaker
13a_2360,"[2,3]","[3,3]","[3,3]",equal
13a_2365,"[2,3]","[3,3]","[3,3]",equal
13a_2373,"[2,3]","[3,3]","[3,3]",equal
13a_2379,"[2,3]","[3,3]","[3,3]",equal
13a_2399,"[2,3]","[3,3]","[3,3]",equal
13a_2412,"[2,3]","[3,3]","[3,3]",equal
13a_2434,"[2,3]","[3,3]","[3,3]",equal
13a_247,"[2,4]","[2,4]","[2,3]",paper_weaker
13a_2478,"[2,3]","[3,3]","[3,3]",equal
13a_248,"[3,4]","[4,4]","[3,4]",paper_stronger
13a_2502,"[2,3]","[3,3]","[3,3]",equal
13a_251,"[2,3]","[3,3]","[3,3]",equal
13a_2510,"[2,3]","[3,3]","[2,3]",paper_stronger
13a_2520,"[2,3]","[3,3]","[3,3]",equal
13a_2620,"[3,4]","[4,4]","[3,4]",paper_stronger
13a_2634,"[2,4]","[2,4]","[2,3]",paper_weaker
13a_2636,"[2,4]","[2,4]","[2,3]",paper_weaker
13a_2697,"[2,3]","[3,3]","[3,3]",equal
13a_2698,"[2,3]","[3,3]","[3,3]",equal
13a_271,"[1,4]","[2,4]","[2,3]",paper_weaker
13a_2720,"[2,3]","[3,3]","[2,3]",paper_stronger
13a_2725,"[3,4]","[4,4]","[3,4]",paper_stronger
13a_2727,"[2,3]","[3,3]","[2,3]",paper_stronger
13a_2745,"[2,3]","[3,3]","[2,3]",paper_stronger
13a_275,"[1,4]","[2,4]","[2,3]",paper_weaker
13a_2759,"[3,4]","[4,4]","[3,4]",paper_stronger
13a_2760,"[3,4]","[4,4]","[3,4]",paper_stronger
13a_2761,"[2,3]","[3,3]","[3,3]",equal
13a_2766,"[2,3]","[3,3]","[3,3]",equal
13a_2767,"[2,4]","[3,4]","[3,4]",equal
13a_2773,"[3,4]","[4,4]","[3,4]",paper_stronger
13a_2777,"[2,3]","[3,3]","[3,3]",equal
13a_2784,"[2,3]","[3,3]","[3,3]",equal
13a_2785,"[2,3]","[3,3]","[3,3]",equal
13a_2805,"[2,3]","[3,3]","[3,3]",equal
13a_2809,"[2,3]","[3,3]","[2,3]",paper_stronger
13a_2821,"[2,3]","[3,3]","[3,3]",equal
13a_2832,"[2,3]","[3,3]","[3,3]",equal
13a_2834,"[2,3]","[3,3]","[3,3]",equal
13a_2843,"[2,3]","[3,3]","[3,3]",equal
13a_2857,"[3,4]","[4,4]","[3,4]",paper_stronger
13a_2859,"[2,3]","[3,3]","[3,3]",equal
13a_2865,"[2,3]","[3,3]","[3,3]",equal
13a_2867,"[3,4]","[4,4]","[3,4]",paper_stronger
13a_2871,"[3,4]","[4,4]","[3,4]",paper_stronger
13a_2879,"[2,4]","[3,4]","[2,4]",paper_stronger
13a_2888,"[2,3]","[3,3]","[3,3]",equal
13a_2890,"[2,3]","[3,3]","[2,3]",paper_stronger
13a_2911,"[2,3]","[3,3]","[3,3]",equal
13a_2951,"[2,3]","[2,3]","[2,2]",paper_weaker
13a_2955,"[3,4]","[4,4]","[3,4]",paper_stronger
13a_2957,"[3,4]","[4,4]","[3,4]",paper_stronger
13a_2965,"[2,3]","[3,3]","[2,3]",paper_stronger
13a_2977,"[3,4]","[4,4]","[3,4]",paper_stronger
13a_3044,"[1,4]","[2,4]","[2,3]",paper_weaker
13a_3060,"[3,4]","[4,4]","[3,4]",paper_stronger
13a_3065,"[2,3]","[3,3]","[3,3]",equal
13a_3072,"[2,3]","[3,3]","[2,3]",paper_stronger
13a_3089,"[2,3]","[3,3]","[3,3]",equal
13a_3095,"[3,4]","[4,4]","[3,4]",paper_stronger
13a_3098,"[3,4]","[4,4]","[3,4]",paper_stronger
13a_3100,"[2,3]","[3,3]","[3,3]",equal
13a_3103,"[3,4]","[4,4]","[3,4]",paper_stronger
13a_3107,"[2,4]","[3,4]","[2,4]",paper_stronger
13a_3117,"[3,4]","[4,4]","[3,4]",paper_stronger
13a_3120,"[3,4]","[4,4]","[3,4]",paper_stronger
13a_3121,"[2,3]","[3,3]","[2,3]",paper_stronger
13a_3130,"[3,4]","[4,4]","[3,4]",paper_stronger
13a_314,"[1,4]","[2,4]","[2,3]",paper_weaker
13a_3147,"[1,3]","[2,3]","[2,2]",paper_weaker
13a_3149,"[1,3]","[2,3]","[2,2]",paper_weaker
13a_3176,"[2,4]","[3,4]","[3,4]",equal
13a_3177,"[1,3]","[2,3]","[2,2]",paper_weaker
13a_3184,"[1,3]","[2,3]","[2,2]",paper_weaker
13a_3212,"[3,4]","[3,4]","[3,3]",paper_weaker
13a_3236,"[1,3]","[2,3]","[2,2]",paper_weaker
13a_3268,"[1,3]","[2,3]","[2,2]",paper_weaker
13a_329,"[2,4]","[2,4]","[2,3]",paper_weaker
13a_3310,"[2,3]","[3,3]","[3,3]",equal
13a_339,"[1,4]","[2,4]","[2,3]",paper_weaker
13a_3498,"[2,3]","[3,3]","[2,3]",paper_stronger
13a_3531,"[2,3]","[3,3]","[3,3]",equal
13a_357,"[3,4]","[4,4]","[3,4]",paper_stronger
13a_358,"[2,4]","[2,4]","[2,3]",paper_weaker
13a_3594,"[3,4]","[4,4]","[3,4]",paper_stronger
13a_3595,"[2,4]","[3,4]","[3,4]",equal
13a_3601,"[2,3]","[3,3]","[3,3]",equal
13a_3607,"[2,3]","[3,3]","[2,3]",paper_stronger
13a_3685,"[4,5]","[5,5]","[4,5]",paper_stronger
13a_3686,"[3,4]","[4,4]","[3,4]",paper_stronger
13a_3687,"[3,4]","[4,4]","[3,4]",paper_stronger
13a_369,"[2,4]","[2,4]","[2,3]",paper_weaker
13a_3691,"[2,3]","[3,3]","[3,3]",equal
13a_3693,"[2,4]","[3,4]","[2,4]",paper_stronger
13a_3698,"[2,3]","[3,3]","[3,3]",equal
13a_3704,"[2,3]","[3,3]","[3,3]",equal
13a_3705,"[2,3]","[3,3]","[3,3]",equal
13a_3712,"[4,5]","[5,5]","[4,5]",paper_stronger
13a_3713,"[3,4]","[4,4]","[3,4]",paper_stronger
13a_3714,"[4,5]","[5,5]","[4,5]",paper_stronger
13a_3715,"[3,4]","[4,4]","[3,4]",paper_stronger
13a_3716,"[2,3]","[3,3]","[3,3]",equal
13a_3784,"[2,3]","[3,3]","[3,3]",equal
13a_3814,"[2,3]","[3,3]","[2,3]",paper_stronger
13a_3902,"[2,3]","[3,3]","[3,3]",equal
13a_3962,"[3,4]","[4,4]","[3,4]",paper_stronger
13a_3963,"[2,3]","[3,3]","[3,3]",equal
13a_3971,"[3,4]","[4,4]","[3,4]",paper_stronger
13a_3975,"[2,3]","[3,3]","[3,3]",equal
13a_3981,"[2,3]","[3,3]","[3,3]",equal
13a_4054,"[3,4]","[4,4]","[3,4]",paper_stronger
13a_4057,"[2,3]","[3,3]","[3,3]",equal
13a_4068,"[4,5]","[5,5]","[4,5]",paper_stronger
13a_4069,"[3,4]","[4,4]","[3,4]",paper_stronger
13a_4080,"[2,3]","[3,3]","[3,3]",equal
13a_4085,"[4,5]","[5,5]","[4,5]",paper_stronger
13a_4086,"[3,4]","[4,4]","[3,4]",paper_stronger
13a_4087,"[3,4]","[4,4]","[3,4]",paper_stronger
13a_4088,"[2,4]","[3,4]","[3,4]",equal
13a_4091,"[2,3]","[3,3]","[3,3]",equal
13a_4093,"[2,3]","[3,3]","[3,3]",equal
13a_4095,"[3,4]","[4,4]","[3,4]",paper_stronger
13a_4099,"[3,4]","[4,4]","[3,4]",paper_stronger
13a_4101,"[2,3]","[3,3]","[3,3]",equal
13a_4104,"[2,3]","[3,3]","[3,3]",equal
13a_4105,"[3,4]","[4,4]","[3,4]",paper_stronger
13a_4106,"[2,3]","[3,3]","[3,3]",equal
13a_4113,"[2,3]","[3,3]","[3,3]",equal
13a_4156,"[2,3]","[3,3]","[3,3]",equal
13a_4185,"[2,3]","[3,3]","[3,3]",equal
13a_419,"[2,3]","[3,3]","[3,3]",equal
13a_4190,"[3,4]","[4,4]","[3,4]",paper_stronger
13a_4191,"[2,3]","[3,3]","[3,3]",equal
13a_4195,"[3,4]","[4,4]","[3,4]",paper_stronger
13a_4196,"[2,4]","[3,4]","[3,4]",equal
13a_4198,"[2,3]","[3,3]","[3,3]",equal
13a_4200,"[2,3]","[3,3]","[3,3]",equal
13a_4207,"[2,3]","[3,3]","[3,3]",equal
13a_4212,"[4,5]","[5,5]","[4,5]",paper_stronger
13a_4213,"[3,4]","[4,4]","[3,4]",paper_stronger
13a_4214,"[2,4]","[3,4]","[3,4]",equal
13a_4215,"[3,4]","[4,4]","[3,4]",paper_stronger
13a_4216,"[2,3]","[3,3]","[3,3]",equal
13a_4217,"[3,4]","[4,4]","[3,4]",paper_stronger
13a_422,"[2,3]","[3,3]","[2,2]",disjoint
13a_4232,"[2,3]","[3,3]","[3,3]",equal
13a_4233,"[2,4]","[3,4]","[3,4]",equal
13a_4293,"[2,3]","[3,3]","[3,3]",equal
13a_4303,"[3,4]","[4,4]","[3,4]",paper_stronger
13a_4304,"[2,4]","[3,4]","[3,4]",equal
13a_4320,"[2,3]","[3,3]","[3,3]",equal
13a_4322,"[2,3]","[3,3]","[3,3]",equal
13a_4326,"[2,3]","[3,3]","[2,3]",paper_stronger
13a_4332,"[3,4]","[4,4]","[3,4]",paper_stronger
13a_434,"[2,3]","[3,3]","[3,3]",equal
13a_4366,"[3,4]","[4,4]","[3,4]",paper_stronger
13a_4368,"[4,5]","[5,5]","[4,5]",paper_stronger
13a_4369,"[3,4]","[4,4]","[3,4]",paper_stronger
13a_438,"[2,3]","[3,3]","[3,3]",equal
13a_4380,"[3,4]","[4,4]","[3,4]",paper_stronger
13a_4381,"[4,5]","[5,5]","[4,5]",paper_stronger
13a_4382,"[3,4]","[4,4]","[3,4]",paper_stronger
13a_4383,"[3,4]","[4,4]","[3,4]",paper_stronger
13a_4385,"[2,3]","[3,3]","[3,3]",equal
13a_4388,"[3,4]","[4,4]","[3,4]",paper_stronger
13a_4390,"[2,3]","[3,3]","[3,3]",equal
13a_4392,"[2,3]","[3,3]","[3,3]",equal
13a_4395,"[3,4]","[4,4]","[3,4]",paper_stronger
13a_4396,"[2,3]","[3,3]","[3,3]",equal
13a_443,"[2,3]","[3,3]","[3,3]",equal
13a_4453,"[3,4]","[4,4]","[3,4]",paper_stronger
13a_4454,"[2,4]","[3,4]","[3,4]",equal
13a_4459,"[3,4]","[4,4]","[3,4]",paper_stronger
13a_4461,"[2,3]","[3,3]","[3,3]",equal
13a_4464,"[3,4]","[4,4]","[3,4]",paper_stronger
13a_4465,"[2,3]","[3,3]","[3,3]",equal
13a_4492,"[3,4]","[4,4]","[3,4]",paper_stronger
13a_4493,"[2,4]","[3,4]","[3,4]",equal
13a_4508,"[2,3]","[3,3]","[3,3]",equal
13a_4510,"[2,3]","[3,3]","[3,3]",equal
13a_4550,"[4,5]","[5,5]","[4,5]",paper_stronger
13a_4551,"[3,4]","[4,4]","[3,4]",paper_stronger
13a_4552,"[3,4]","[4,4]","[3,4]",paper_stronger
13a_4553,"[3,4]","[4,4]","[3,4]",paper_stronger
13a_4554,"[2,4]","[3,4]","[3,4]",equal
13a_4556,"[2,3]","[3,3]","[3,3]",equal
13a_4562,"[4,5]","[5,5]","[4,5]",paper_stronger
13a_4563,"[3,4]","[4,4]","[3,4]",paper_stronger
13a_4564,"[3,4]","[4,4]","[3,4]",paper_stronger
13a_4565,"[2,3]","[3,3]","[3,3]",equal
13a_4567,"[3,4]","[4,4]","[3,4]",paper_stronger
13a_4569,"[3,4]","[4,4]","[3,4]",paper_stronger
13a_4571,"[2,3]","[3,3]","[3,3]",equal
13a_4579,"[2,3]","[3,3]","[3,3]",equal
13a_4580,"[2,3]","[3,3]","[3,3]",equal
13a_4624,"[2,3]","[3,3]","[3,3]",equal
13a_4655,"[2,3]","[3,3]","[3,3]",equal
13a_4740,"[4,5]","[5,5]","[4,5]",paper_stronger
13a_4756,"[2,3]","[3,3]","[3,3]",equal
13a_4757,"[3,5]","[4,5]","[3,5]",paper_stronger
13a_4763,"[4,5]","[5,5]","[4,5]",paper_stronger
13a_4764,"[3,4]","[4,4]","[3,4]",paper_stronger
13a_4768,"[2,3]","[3,3]","[2,3]",paper_stronger
13a_4771,"[3,5]","[4,5]","[3,5]",paper_stronger
13a_4772,"[3,4]","[4,4]","[3,4]",paper_stronger
13a_4773,"[2,4]","[3,4]","[3,4]",equal
13a_4774,"[3,4]","[4,4]","[3,4]",paper_stronger
13a_4780,"[3,5]","[4,5]","[3,5]",paper_stronger
13a_4781,"[2,4]","[3,4]","[3,4]",equal
13a_4788,"[3,4]","[4,4]","[3,4]",paper_stronger
13a_4789,"[3,4]","[4,4]","[3,4]",paper_stronger
13a_4790,"[2,4]","[3,4]","[3,4]",equal
13a_4796,"[2,3]","[3,3]","[3,3]",equal
13a_48,"[2,3]","[3,3]","[3,3]",equal
13a_4800,"[3,4]","[4,4]","[3,4]",paper_stronger
13a_4802,"[3,4]","[4,4]","[3,4]",paper_stronger
13a_4805,"[3,4]","[4,4]","[3,4]",paper_stronger
13a_4810,"[2,3]","[3,3]","[3,3]",equal
13a_4812,"[3,5]","[4,5]","[3,5]",paper_stronger
13a_4813,"[2,4]","[3,4]","[3,4]",equal
13a_4820,"[2,3]","[3,3]","[3,3]",equal
13a_4821,"[3,5]","[4,5]","[3,5]",paper_stronger
13a_4824,"[4,5]","[5,5]","[4,5]",paper_stronger
13a_4825,"[3,4]","[4,4]","[3,4]",paper_stronger
13a_4826,"[4,5]","[5,5]","[4,5]",paper_stronger
13a_4827,"[3,4]","[4,4]","[3,4]",paper_stronger
13a_4830,"[4,5]","[5,5]","[4,5]",paper_stronger
13a_4831,"[3,4]","[4,4]","[3,4]",paper_stronger
13a_4832,"[4,5]","[5,5]","[4,5]",paper_stronger
13a_4833,"[3,4]","[4,4]","[3,4]",paper_stronger
13a_4835,"[2,3]","[3,3]","[3,3]",equal
13a_4836,"[2,3]","[3,3]","[3,3]",equal
13a_4839,"[3,5]","[4,5]","[3,5]",paper_stronger
13a_4840,"[2,4]","[3,4]","[3,4]",equal
13a_4841,"[3,5]","[4,5]","[3,5]",paper_stronger
13a_4842,"[2,4]","[3,4]","[3,4]",equal
13a_4849,"[4,5]","[5,5]","[4,5]",paper_stronger
13a_4850,"[3,4]","[4,4]","[3,4]",paper_stronger
13a_4851,"[2,4]","[3,4]","[3,4]",equal
13a_4852,"[3,4]","[4,4]","[3,4]",paper_stronger
13a_4853,"[2,4]","[3,4]","[3,4]",equal
13a_4854,"[3,4]","[4,4]","[3,4]",paper_stronger
13a_4855,"[2,4]","[3,4]","[3,4]",equal
13a_4858,"[4,5]","[5,5]","[4,5]",paper_stronger
13a_4859,"[3,5]","[4,5]","[3,5]",paper_stronger
13a_4860,"[3,5]","[4,5]","[3,5]",paper_stronger
13a_4861,"[2,4]","[3,4]","[2,4]",paper_stronger
13a_4863,"[4,5]","[5,5]","[4,5]",paper_stronger
13a_4864,"[4,5]","[5,5]","[4,5]",paper_stronger
13a_4865,"[3,5]","[4,5]","[3,5]",paper_stronger
13a_4867,"[3,4]","[4,4]","[3,4]",paper_stronger
13a_4868,"[3,4]","[4,4]","[3,4]",paper_stronger
13a_4869,"[2,4]","[3,4]","[3,4]",equal
13a_4870,"[3,5]","[4,5]","[3,5]",paper_stronger
13a_4871,"[2,4]","[3,4]","[3,4]",equal
13a_4872,"[2,4]","[3,4]","[3,4]",equal
13a_4875,"[4,5]","[5,5]","[4,5]",paper_stronger
13a_4876,"[3,5]","[4,5]","[3,5]",paper_stronger
13a_4877,"[2,5]","[3,5]","[2,5]",paper_stronger
13a_507,"[3,4]","[4,4]","[3,4]",paper_stronger
13a_517,"[3,4]","[4,4]","[3,4]",paper_stronger
13a_523,"[1,3]","[2,3]","[2,2]",paper_weaker
13a_526,"[3,4]","[4,4]","[3,4]",paper_stronger
13a_543,"[3,4]","[4,4]","[3,4]",paper_stronger
13a_55,"[2,3]","[3,3]","[2,2]",disjoint
13a_568,"[2,3]","[3,3]","[2,2]",disjoint
13a_571,"[2,3]","[3,3]","[3,3]",equal
13a_576,"[2,3]","[3,3]","[3,3]",equal
13a_579,"[1,3]","[2,3]","[2,2]",paper_weaker
13a_584,"[2,3]","[3,3]","[3,3]",equal
13a_586,"[2,3]","[3,3]","[3,3]",equal
13a_589,"[2,3]","[3,3]","[3,3]",equal
13a_60,"[2,3]","[3,3]","[3,3]",equal
13a_616,"[3,4]","[3,4]","[3,3]",paper_weaker
13a_644,"[2,3]","[3,3]","[3,3]",equal
13a_645,"[2,3]","[3,3]","[3,3]",equal
13a_647,"[3,4]","[4,4]","[3,4]",paper_stronger
13a_648,"[3,4]","[4,4]","[3,4]",paper_stronger
13a_65,"[2,3]","[3,3]","[3,3]",equal
13a_650,"[2,4]","[3,4]","[2,2]",disjoint
13a_653,"[2,3]","[3,3]","[3,3]",equal
13a_656,"[1,3]","[2,3]","[2,2]",paper_weaker
13a_660,"[3,4]","[4,4]","[3,3]",disjoint
13a_661,"[2,3]","[3,3]","[3,3]",equal
13a_665,"[3,4]","[4,4]","[3,4]",paper_stronger
13a_666,"[2,3]","[3,3]","[3,3]",equal
13a_670,"[2,3]","[3,3]","[3,3]",equal
13a_796,"[2,3]","[3,3]","[3,3]",equal
13a_82,"[2,3]","[3,3]","[3,3]",equal
13a_825,"[3,4]","[3,4]","[3,3]",paper_weaker
13a_828,"[2,3]","[2,3]","[2,2]",paper_weaker
13a_859,"[2,3]","[3,3]","[3,3]",equal
13a_863,"[1,3]","[2,3]","[2,2]",paper_weaker
13a_896,"[2,3]","[3,3]","[2,3]",paper_stronger
13a_901,"[2,3]","[3,3]","[3,3]",equal
13a_933,"[2,3]","[3,3]","[3,3]",equal
13a_983,"[2,3]","[3,3]","[3,3]",equal
13n_1004,"[1,3]","[2,3]","[1,3]",paper_stronger
13n_1023,"[1,2]","[2,2]","[1,2]",paper_stronger
13n_1026,"[1,2]","[2,2]","[1,2]",paper_stronger
13n_1027,"[1,2]","[2,2]","[1,2]",paper_stronger
13n_1031,"[1,2]","[2,2]","[1,2]",paper_stronger
13n_1034,"[1,2]","[2,2]","[1,2]",paper_stronger
13n_1040,"[1,2]","[2,2]","[1,2]",paper_stronger
13n_1042,"[1,2]","[2,2]","[1,2]",paper_stronger
13n_1053,"[1,2]","[2,2]","[1,2]",paper_stronger
13n_1061,"[1,3]","[2,3]","[1,3]",paper_stronger
13n_1067,"[1,2]","[2,2]","[1,2]",paper_stronger
13n_1068,"[1,2]","[2,2]","[1,2]",paper_stronger
13n_1071,"[1,2]","[2,2]","[1,2]",paper_stronger
13n_110,"[1,2]","[2,2]","[1,2]",paper_stronger
13n_1102,"[1,2]","[2,2]","[1,2]",paper_stronger
13n_1105,"[3,4]","[3,4]","[3,3]",paper_weaker
13n_111,"[2,3]","[2,3]","[2,2]",paper_weaker
13n_1111,"[1,3]","[1,3]","[1,2]",paper_weaker
13n_1114,"[1,2]","[2,2]","[1,2]",paper_stronger
13n_1118,"[2,3]","[2,3]","[2,2]",paper_weaker
13n_112,"[1,2]","[2,2]","[1,2]",paper_stronger
13n_1126,"[1,3]","[1,3]","[1,2]",paper_weaker
13n_113,"[1,2]","[2,2]","[1,2]",paper_stronger
13n_1132,"[1,2]","[2,2]","[1,2]",paper_stronger
13n_115,"[1,2]","[2,2]","[1,2]",paper_stronger
13n_1152,"[1,2]","[2,2]","[1,2]",paper_stronger
13n_116,"[1,2]","[2,2]","[1,2]",paper_stronger
13n_1166,"[1,2]","[2,2]","[1,2]",paper_stronger
13n_117,"[1,2]","[2,2]","[1,2]",paper_stronger
13n_1186,"[1,2]","[2,2]","[1,2]",paper_stronger
13n_1212,"[1,2]","[2,2]","[1,2]",paper_stronger
13n_1214,"[1,2]","[2,2]","[1,2]",paper_stronger
13n_1223,"[1,2]","[2,2]","[1,2]",paper_stronger
13n_1228,"[1,4]","[2,4]","[1,4]",paper_stronger
13n_1258,"[1,2]","[2,2]","[1,2]",paper_stronger
13n_1263,"[1,2]","[2,2]","[1,2]",paper_stronger
13n_1335,"[1,2]","[2,2]","[1,2]",paper_stronger
13n_1338,"[1,2]","[2,2]","[1,2]",paper_stronger
13n_1342,"[1,2]","[2,2]","[1,2]",paper_stronger
13n_1348,"[2,3]","[2,3]","[2,2]",paper_weaker
13n_1349,"[1,2]","[2,2]","[1,2]",paper_stronger
13n_1353,"[1,2]","[2,2]","[1,2]",paper_stronger
13n_1357,"[1,2]","[2,2]","[1,2]",paper_stronger
13n_1359,"[1,2]","[2,2]","[1,2]",paper_stronger
13n_1360,"[1,2]","[2,2]","[1,2]",paper_stronger
13n_1377,"[1,2]","[2,2]","[1,2]",paper_stronger
13n_1378,"[1,2]","[2,2]","[1,2]",paper_stronger
13n_1379,"[1,2]","[2,2]","[1,2]",paper_stronger
13n_1388,"[1,2]","[2,2]","[1,2]",paper_stronger
13n_1392,"[1,2]","[2,2]","[1,2]",paper_stronger
13n_1400,"[1,2]","[2,2]","[1,2]",paper_stronger
13n_1409,"[1,2]","[2,2]","[1,2]",paper_stronger
13n_141,"[1,2]","[2,2]","[1,2]",paper_stronger
13n_1417,"[1,2]","[2,2]","[1,2]",paper_stronger
13n_142,"[2,3]","[2,3]","[2,2]",paper_weaker
13n_1424,"[1,2]","[2,2]","[1,2]",paper_stronger
13n_1429,"[1,3]","[2,3]","[1,3]",paper_stronger
13n_143,"[1,2]","[2,2]","[1,2]",paper_stronger
13n_144,"[1,2]","[2,2]","[1,2]",paper_stronger
13n_1445,"[1,2]","[2,2]","[1,2]",paper_stronger
13n_1449,"[1,2]","[2,2]","[1,2]",paper_stronger
13n_145,"[1,2]","[2,2]","[1,2]",paper_stronger
13n_1450,"[1,2]","[2,2]","[1,2]",paper_stronger
13n_1451,"[1,2]","[2,2]","[1,2]",paper_stronger
13n_1457,"[1,2]","[2,2]","[1,2]",paper_stronger
13n_1458,"[1,2]","[2,2]","[1,2]",paper_stronger
13n_1459,"[1,2]","[2,2]","[1,2]",paper_stronger
13n_1460,"[1,2]","[2,2]","[1,2]",paper_stronger
13n_1461,"[1,2]","[2,2]","[1,2]",paper_stronger
13n_1462,"[1,2]","[2,2]","[1,2]",paper_stronger
13n_1468,"[1,2]","[2,2]","[1,2]",paper_stronger
13n_1475,"[1,3]","[2,3]","[1,3]",paper_stronger
13n_1480,"[1,2]","[2,2]","[1,2]",paper_stronger
13n_1481,"[1,2]","[2,2]","[1,2]",paper_stronger
13n_149,"[1,2]","[2,2]","[1,2]",paper_stronger
13n_1492,"[1,2]","[2,2]","[1,2]",paper_stronger
13n_1494,"[1,2]","[2,2]","[1,2]",paper_stronger
13n_1500,"[1,2]","[2,2]","[1,2]",paper_stronger
13n_1508,"[1,2]","[2,2]","[1,2]",paper_stronger
13n_1512,"[1,2]","[2,2]","[1,2]",paper_stronger
13n_1513,"[1,2]","[2,2]","[1,2]",paper_stronger
13n_1525,"[1,2]","[2,2]","[1,2]",paper_stronger
13n_153,"[1,2]","[2,2]","[1,2]",paper_stronger
13n_1536,"[1,2]","[2,2]","[1,2]",paper_stronger
13n_1546,"[1,2]","[2,2]","[1,2]",paper_stronger
13n_1557,"[1,2]","[2,2]","[1,2]",paper_stronger
13n_1562,"[1,2]","[2,2]","[1,2]",paper_stronger
13n_1567,"[1,2]","[2,2]","[1,2]",paper_stronger
13n_1574,"[1,2]","[2,2]","[1,2]",paper_stronger
13n_1575,"[1,2]","[2,2]","[1,2]",paper_stronger
13n_1583,"[1,2]","[2,2]","[1,2]",paper_stronger
13n_1587,"[1,3]","[1,2]","[1,3]",paper_stronger
13n_160,"[1,2]","[2,2]","[1,2]",paper_stronger
13n_1601,"[1,2]","[2,2]","[1,2]",paper_stronger
13n_1603,"[1,2]","[2,2]","[1,2]",paper_stronger
13n_1604,"[1,2]","[2,2]","[1,2]",paper_stronger
13n_1608,"[1,2]","[2,2]","[1,2]",paper_stronger
13n_161,"[1,2]","[2,2]","[1,2]",paper_stronger
13n_1613,"[1,2]","[2,2]","[1,2]",paper_stronger
13n_1614,"[1,2]","[2,2]","[1,2]",paper_stronger
13n_1621,"[1,2]","[2,2]","[1,2]",paper_stronger
13n_1623,"[1,2]","[2,2]","[1,2]",paper_stronger
13n_1624,"[1,2]","[2,2]","[1,2]",paper_stronger
13n_1628,"[1,2]","[2,2]","[1,2]",paper_stronger
13n_163,"[1,2]","[2,2]","[1,2]",paper_stronger
13n_1634,"[1,2]","[2,2]","[1,2]",paper_stronger
13n_164,"[1,2]","[2,2]","[1,2]",paper_stronger
13n_165,"[1,2]","[2,2]","[1,2]",paper_stronger
13n_1650,"[1,2]","[2,2]","[1,2]",paper_stronger
13n_1651,"[1,4]","[2,4]","[1,4]",paper_stronger
13n_1653,"[1,3]","[2,3]","[1,3]",paper_stronger
13n_1657,"[1,2]","[2,2]","[1,2]",paper_stronger
13n_166,"[1,2]","[2,2]","[1,2]",paper_stronger
13n_1664,"[1,2]","[2,2]","[1,2]",paper_stronger
13n_1665,"[1,2]","[2,2]","[1,2]",paper_stronger
13n_1666,"[1,2]","[2,2]","[1,2]",paper_stronger
13n_1667,"[1,2]","[2,2]","[1,2]",paper_stronger
13n_167,"[1,2]","[2,2]","[1,2]",paper_stronger
13n_1670,"[1,2]","[2,2]","[1,2]",paper_stronger
13n_1672,"[1,3]","[2,3]","[1,3]",paper_stronger
13n_1678,"[1,2]","[2,2]","[1,2]",paper_stronger
13n_1679,"[1,2]","[2,2]","[1,2]",paper_stronger
13n_168,"[1,2]","[2,2]","[1,2]",paper_stronger
13n_1683,"[1,3]","[2,3]","[1,3]",paper_stronger
13n_1688,"[1,2]","[2,2]","[1,2]",paper_stronger
13n_1691,"[1,2]","[2,2]","[1,2]",paper_stronger
13n_1699,"[1,2]","[2,2]","[1,2]",paper_stronger
13n_17,"[1,2]","[2,2]","[1,2]",paper_stronger
13n_173,"[1,2]","[2,2]","[1,2]",paper_stronger
13n_1733,"[1,2]","[2,2]","[1,2]",paper_stronger
13n_1734,"[1,2]","[2,2]","[1,2]",paper_stronger
13n_174,"[1,2]","[2,2]","[1,2]",paper_stronger
13n_1759,"[1,2]","[2,2]","[1,2]",paper_stronger
13n_176,"[1,2]","[2,2]","[1,2]",paper_stronger
13n_177,"[1,2]","[2,2]","[1,2]",paper_stronger
13n_1771,"[1,2]","[2,2]","[1,2]",paper_stronger
13n_178,"[1,2]","[2,2]","[1,2]",paper_stronger
13n_179,"[1,2]","[2,2]","[1,2]",paper_stronger
13n_1791,"[1,2]","[2,2]","[1,2]",paper_stronger
13n_1793,"[1,2]","[2,2]","[1,2]",paper_stronger
13n_1796,"[1,2]","[2,2]","[1,2]",paper_stronger
13n_1797,"[1,2]","[2,2]","[1,2]",paper_stronger
13n_180,"[1,2]","[2,2]","[1,2]",paper_stronger
13n_1803,"[1,2]","[2,2]","[1,2]",paper_stronger
13n_1808,"[1,2]","[2,2]","[1,2]",paper_stronger
13n_1819,"[1,2]","[2,2]","[1,2]",paper_stronger
13n_182,"[1,2]","[2,2]","[1,2]",paper_stronger
13n_1836,"[1,2]","[2,2]","[1,2]",paper_stronger
13n_1837,"[1,2]","[2,2]","[1,2]",paper_stronger
13n_1841,"[1,2]","[2,2]","[1,2]",paper_stronger
13n_1852,"[1,2]","[2,2]","[1,2]",paper_stronger
13n_1857,"[1,2]","[2,2]","[1,2]",paper_stronger
13n_1859,"[1,2]","[2,2]","[1,2]",paper_stronger
13n_1880,"[1,2]","[2,2]","[1,2]",paper_stronger
13n_1889,"[1,2]","[2,2]","[1,2]",paper_stronger
13n_1892,"[1,2]","[2,2]","[1,2]",paper_stronger
13n_1896,"[1,2]","[2,2]","[1,2]",paper_stronger
13n_1908,"[1,2]","[2,2]","[1,2]",paper_stronger
13n_1919,"[1,2]","[2,2]","[1,2]",paper_stronger
13n_1923,"[1,2]","[2,2]","[1,2]",paper_stronger
13n_1924,"[1,2]","[2,2]","[1,2]",paper_stronger
13n_1931,"[1,2]","[2,2]","[1,2]",paper_stronger
13n_1941,"[1,2]","[2,2]","[1,2]",paper_stronger
13n_195,"[1,2]","[2,2]","[1,2]",paper_stronger
13n_1956,"[1,2]","[2,2]","[1,2]",paper_stronger
13n_196,"[2,3]","[2,3]","[2,2]",paper_weaker
13n_197,"[1,3]","[2,3]","[1,2]",overlapping_incomparable
13n_1971,"[1,2]","[2,2]","[1,2]",paper_stronger
13n_1972,"[1,2]","[2,2]","[1,2]",paper_stronger
13n_1979,"[1,2]","[2,2]","[1,2]",paper_stronger
13n_1989,"[1,2]","[2,2]","[1,2]",paper_stronger
13n_1992,"[1,3]","[2,3]","[1,3]",paper_stronger
13n_2008,"[1,3]","[2,3]","[1,3]",paper_stronger
13n_2012,"[1,2]","[2,2]","[1,2]",paper_stronger
13n_2014,"[1,2]","[2,2]","[1,2]",paper_stronger
13n_2015,"[1,2]","[2,2]","[1,2]",paper_stronger
13n_2020,"[1,2]","[2,2]","[1,2]",paper_stronger
13n_2027,"[1,2]","[2,2]","[1,2]",paper_stronger
13n_2028,"[1,2]","[2,2]","[1,2]",paper_stronger
13n_2029,"[1,2]","[2,2]","[1,2]",paper_stronger
13n_203,"[1,2]","[2,2]","[1,2]",paper_stronger
13n_2034,"[1,3]","[2,3]","[1,3]",paper_stronger
13n_2036,"[1,2]","[2,2]","[1,2]",paper_stronger
13n_2039,"[1,2]","[2,2]","[1,2]",paper_stronger
13n_2042,"[1,2]","[2,2]","[1,2]",paper_stronger
13n_2052,"[1,2]","[2,2]","[1,2]",paper_stronger
13n_2058,"[1,2]","[2,2]","[1,2]",paper_stronger
13n_2069,"[1,2]","[2,2]","[1,2]",paper_stronger
13n_2076,"[1,2]","[2,2]","[1,2]",paper_stronger
13n_2078,"[1,2]","[2,2]","[1,2]",paper_stronger
13n_2088,"[1,2]","[2,2]","[1,2]",paper_stronger
13n_209,"[1,2]","[2,2]","[1,2]",paper_stronger
13n_2090,"[1,2]","[2,2]","[1,2]",paper_stronger
13n_2097,"[1,2]","[2,2]","[1,2]",paper_stronger
13n_210,"[1,2]","[2,2]","[1,2]",paper_stronger
13n_2100,"[1,2]","[2,2]","[1,2]",paper_stronger
13n_2124,"[1,2]","[2,2]","[1,2]",paper_stronger
13n_2138,"[1,2]","[2,2]","[1,2]",paper_stronger
13n_2148,"[1,2]","[2,2]","[1,2]",paper_stronger
13n_215,"[1,2]","[2,2]","[1,2]",paper_stronger
13n_2155,"[1,2]","[2,2]","[1,2]",paper_stronger
13n_2156,"[1,2]","[2,2]","[1,2]",paper_stronger
13n_2161,"[1,2]","[2,2]","[1,2]",paper_stronger
13n_2162,"[1,2]","[2,2]","[1,2]",paper_stronger
13n_2164,"[1,2]","[2,2]","[1,2]",paper_stronger
13n_2165,"[1,2]","[2,2]","[1,2]",paper_stronger
13n_2168,"[1,2]","[2,2]","[1,2]",paper_stronger
13n_2169,"[1,2]","[2,2]","[1,2]",paper_stronger
13n_2173,"[1,2]","[2,2]","[1,2]",paper_stronger
13n_2177,"[1,2]","[2,2]","[1,2]",paper_stronger
13n_2187,"[1,2]","[2,2]","[1,2]",paper_stronger
13n_2189,"[1,2]","[2,2]","[1,2]",paper_stronger
13n_2198,"[1,2]","[2,2]","[1,2]",paper_stronger
13n_2199,"[1,2]","[2,2]","[1,2]",paper_stronger
13n_220,"[1,2]","[2,2]","[1,2]",paper_stronger
13n_2208,"[1,2]","[2,2]","[1,2]",paper_stronger
13n_2209,"[1,2]","[2,2]","[1,2]",paper_stronger
13n_2210,"[1,2]","[2,2]","[1,2]",paper_stronger
13n_2214,"[1,2]","[2,2]","[1,2]",paper_stronger
13n_2215,"[1,2]","[2,2]","[1,2]",paper_stronger
13n_2231,"[1,2]","[2,2]","[1,2]",paper_stronger
13n_2240,"[1,2]","[2,2]","[1,2]",paper_stronger
13n_2245,"[1,3]","[2,3]","[1,3]",paper_stronger
13n_2261,"[1,2]","[2,2]","[1,2]",paper_stronger
13n_2280,"[1,2]","[2,2]","[1,2]",paper_stronger
13n_2286,"[1,2]","[2,2]","[1,2]",paper_stronger
13n_2290,"[1,2]","[2,2]","[1,2]",paper_stronger
13n_2293,"[1,2]","[2,2]","[1,2]",paper_stronger
13n_230,"[1,2]","[2,2]","[1,2]",paper_stronger
13n_2301,"[1,2]","[2,2]","[1,2]",paper_stronger
13n_2310,"[1,3]","[2,3]","[1,3]",paper_stronger
13n_2311,"[1,2]","[2,2]","[1,2]",paper_stronger
13n_2313,"[1,2]","[2,2]","[1,2]",paper_stronger
13n_2314,"[1,2]","[2,2]","[1,2]",paper_stronger
13n_2315,"[1,2]","[2,2]","[1,2]",paper_stronger
13n_2316,"[1,2]","[2,2]","[1,2]",paper_stronger
13n_2323,"[1,2]","[2,2]","[1,2]",paper_stronger
13n_2324,"[1,2]","[2,2]","[1,2]",paper_stronger
13n_2347,"[1,2]","[2,2]","[1,2]",paper_stronger
13n_2370,"[1,2]","[2,2]","[1,2]",paper_stronger
13n_2372,"[1,2]","[2,2]","[1,2]",paper_stronger
13n_2378,"[1,3]","[2,3]","[1,3]",paper_stronger
13n_2379,"[2,3]","[2,2]","[2,3]",paper_stronger
13n_2382,"[1,3]","[2,3]","[1,3]",paper_stronger
13n_2383,"[1,3]","[2,3]","[1,3]",paper_stronger
13n_2384,"[1,2]","[2,2]","[1,2]",paper_stronger
13n_2398,"[1,2]","[2,2]","[1,2]",paper_stronger
13n_240,"[1,4]","[1,4]","[1,3]",paper_weaker
13n_2400,"[1,2]","[2,2]","[1,2]",paper_stronger
13n_2401,"[1,2]","[2,2]","[1,2]",paper_stronger
13n_2407,"[2,3]","[3,3]","[2,3]",paper_stronger
13n_2408,"[1,3]","[3,3]","[1,3]",paper_stronger
13n_2410,"[1,3]","[3,3]","[1,3]",paper_stronger
13n_2411,"[1,3]","[3,3]","[1,3]",paper_stronger
13n_2412,"[2,3]","[3,3]","[2,3]",paper_stronger
13n_2413,"[2,3]","[3,3]","[2,3]",paper_stronger
13n_2414,"[1,3]","[3,3]","[1,3]",paper_stronger
13n_2416,"[1,2]","[2,2]","[1,2]",paper_stronger
13n_2421,"[1,2]","[2,2]","[1,2]",paper_stronger
13n_2426,"[1,2]","[2,2]","[1,2]",paper_stronger
13n_2427,"[1,2]","[2,2]","[1,2]",paper_stronger
13n_2432,"[1,2]","[2,2]","[1,2]",paper_stronger
13n_2451,"[1,2]","[2,2]","[1,2]",paper_stronger
13n_2455,"[1,2]","[2,2]","[1,2]",paper_stronger
13n_246,"[3,4]","[3,4]","[3,3]",paper_weaker
13n_2463,"[1,2]","[2,2]","[1,2]",paper_stronger
13n_2466,"[1,2]","[2,2]","[1,2]",paper_stronger
13n_2467,"[1,2]","[2,2]","[1,2]",paper_stronger
13n_2469,"[1,2]","[2,2]","[1,2]",paper_stronger
13n_247,"[2,4]","[2,4]","[2,3]",paper_weaker
13n_2487,"[1,2]","[2,2]","[1,2]",paper_stronger
13n_25,"[1,2]","[2,2]","[1,2]",paper_stronger
13n_2500,"[1,2]","[2,2]","[1,2]",paper_stronger
13n_2504,"[1,2]","[2,2]","[1,2]",paper_stronger
13n_2507,"[1,2]","[2,2]","[1,2]",paper_stronger
13n_2509,"[1,2]","[2,2]","[1,2]",paper_stronger
13n_2516,"[1,2]","[2,2]","[1,2]",paper_stronger
13n_2519,"[1,2]","[2,2]","[1,2]",paper_stronger
13n_2524,"[1,2]","[2,2]","[1,2]",paper_stronger
13n_2530,"[1,2]","[2,2]","[1,2]",paper_stronger
13n_2534,"[1,2]","[2,2]","[1,2]",paper_stronger
13n_2536,"[1,2]","[2,2]","[1,2]",paper_stronger
13n_2537,"[1,2]","[2,2]","[1,2]",paper_stronger
13n_2542,"[1,3]","[2,3]","[1,3]",paper_stronger
13n_2549,"[1,2]","[2,2]","[1,2]",paper_stronger
13n_2551,"[1,2]","[2,2]","[1,2]",paper_stronger
13n_2552,"[1,2]","[2,2]","[1,2]",paper_stronger
13n_2553,"[1,2]","[2,2]","[1,2]",paper_stronger
13n_2554,"[1,2]","[2,2]","[1,2]",paper_stronger
13n_2558,"[1,2]","[2,2]","[1,2]",paper_stronger
13n_2562,"[1,3]","[2,3]","[1,3]",paper_stronger
13n_2568,"[1,2]","[2,2]","[1,2]",paper_stronger
13n_2570,"[1,2]","[2,2]","[1,2]",paper_stronger
13n_2572,"[1,2]","[2,2]","[1,2]",paper_stronger
13n_2573,"[1,2]","[2,2]","[1,2]",paper_stronger
13n_2574,"[1,2]","[2,2]","[1,2]",paper_stronger
13n_2582,"[1,2]","[2,2]","[1,2]",paper_stronger
13n_2583,"[1,2]","[2,2]","[1,2]",paper_stronger
13n_2589,"[1,3]","[2,3]","[1,3]",paper_stronger
13n_259,"[3,4]","[3,4]","[3,3]",paper_weaker
13n_2598,"[1,2]","[2,2]","[1,2]",paper_stronger
13n_2603,"[1,2]","[2,2]","[1,2]",paper_stronger
13n_2613,"[1,3]","[2,3]","[1,3]",paper_stronger
13n_2614,"[1,2]","[2,2]","[1,2]",paper_stronger
13n_2619,"[1,2]","[2,2]","[1,2]",paper_stronger
13n_2620,"[1,2]","[2,2]","[1,2]",paper_stronger
13n_2624,"[1,2]","[2,2]","[1,2]",paper_stronger
13n_2625,"[1,2]","[2,2]","[1,2]",paper_stronger
13n_2630,"[1,2]","[2,2]","[1,2]",paper_stronger
13n_264,"[1,2]","[2,2]","[1,2]",paper_stronger
13n_2641,"[1,2]","[2,2]","[1,2]",paper_stronger
13n_2647,"[1,3]","[2,3]","[1,3]",paper_stronger
13n_2651,"[1,2]","[2,2]","[1,2]",paper_stronger
13n_2654,"[1,2]","[2,2]","[1,2]",paper_stronger
13n_2656,"[1,2]","[2,2]","[1,2]",paper_stronger
13n_2661,"[1,2]","[2,2]","[1,2]",paper_stronger
13n_2664,"[1,2]","[2,2]","[1,2]",paper_stronger
13n_2667,"[1,2]","[2,2]","[1,2]",paper_stronger
13n_2668,"[1,2]","[2,2]","[1,2]",paper_stronger
13n_2675,"[1,2]","[2,2]","[1,2]",paper_stronger
13n_2682,"[1,2]","[2,2]","[1,2]",paper_stronger
13n_2684,"[1,2]","[2,2]","[1,2]",paper_stronger
13n_2686,"[1,2]","[2,2]","[1,2]",paper_stronger
13n_2687,"[1,2]","[2,2]","[1,2]",paper_stronger
13n_2688,"[1,3]","[2,3]","[1,3]",paper_stronger
13n_2690,"[1,2]","[2,2]","[1,2]",paper_stronger
13n_2694,"[1,2]","[2,2]","[1,2]",paper_stronger
13n_2696,"[1,2]","[2,2]","[1,2]",paper_stronger
13n_2703,"[1,2]","[2,2]","[1,2]",paper_stronger
13n_2707,"[1,2]","[2,2]","[1,2]",paper_stronger
13n_2715,"[1,2]","[2,2]","[1,2]",paper_stronger
13n_2718,"[1,2]","[2,2]","[1,2]",paper_stronger
13n_2723,"[1,2]","[2,2]","[1,2]",paper_stronger
13n_274,"[2,4]","[2,4]","[2,3]",paper_weaker
13n_2742,"[1,2]","[2,2]","[1,2]",paper_stronger
13n_2747,"[1,2]","[2,2]","[1,2]",paper_stronger
13n_2749,"[1,2]","[2,2]","[1,2]",paper_stronger
13n_2751,"[1,2]","[2,2]","[1,2]",paper_stronger
13n_2762,"[1,2]","[2,2]","[1,2]",paper_stronger
13n_2765,"[1,2]","[2,2]","[1,2]",paper_stronger
13n_277,"[3,4]","[3,4]","[3,3]",paper_weaker
13n_2774,"[1,2]","[2,2]","[1,2]",paper_stronger
13n_2775,"[1,2]","[2,2]","[1,2]",paper_stronger
13n_2778,"[1,2]","[2,2]","[1,2]",paper_stronger
13n_2780,"[1,2]","[2,2]","[1,2]",paper_stronger
13n_2782,"[1,2]","[2,2]","[1,2]",paper_stronger
13n_2791,"[1,3]","[2,3]","[1,3]",paper_stronger
13n_2792,"[1,2]","[2,2]","[1,2]",paper_stronger
13n_2795,"[1,2]","[2,2]","[1,2]",paper_stronger
13n_2805,"[1,2]","[2,2]","[1,2]",paper_stronger
13n_2806,"[1,2]","[2,2]","[1,2]",paper_stronger
13n_2807,"[1,2]","[2,2]","[1,2]",paper_stronger
13n_2809,"[2,3]","[2,2]","[2,3]",paper_stronger
13n_2810,"[2,3]","[2,3]","[2,2]",paper_weaker
13n_2812,"[1,2]","[2,2]","[1,2]",paper_stronger
13n_2816,"[1,2]","[2,2]","[1,2]",paper_stronger
13n_2820,"[1,2]","[2,2]","[1,2]",paper_stronger
13n_2823,"[1,2]","[2,2]","[1,2]",paper_stronger
13n_2825,"[1,2]","[2,2]","[1,2]",paper_stronger
13n_2832,"[1,2]","[2,2]","[1,2]",paper_stronger
13n_2847,"[1,2]","[2,2]","[1,2]",paper_stronger
13n_2851,"[1,2]","[2,2]","[1,2]",paper_stronger
13n_2853,"[1,2]","[2,2]","[1,2]",paper_stronger
13n_2860,"[1,2]","[2,2]","[1,2]",paper_stronger
13n_2861,"[1,2]","[2,2]","[1,2]",paper_stronger
13n_2864,"[1,2]","[2,2]","[1,2]",paper_stronger
13n_2865,"[1,2]","[2,2]","[1,2]",paper_stronger
13n_2868,"[1,2]","[2,2]","[1,2]",paper_stronger
13n_2869,"[1,2]","[2,2]","[1,2]",paper_stronger
13n_2870,"[1,2]","[2,2]","[1,2]",paper_stronger
13n_288,"[1,2]","[2,2]","[1,2]",paper_stronger
13n_2883,"[1,2]","[2,2]","[1,2]",paper_stronger
13n_2887,"[1,2]","[2,2]","[1,2]",paper_stronger
13n_2889,"[1,2]","[2,2]","[1,2]",paper_stronger
13n_2892,"[1,2]","[2,2]","[1,2]",paper_stronger
13n_2895,"[1,2]","[2,2]","[1,2]",paper_stronger
13n_2902,"[1,2]","[2,2]","[1,2]",paper_stronger
13n_2907,"[2,3]","[2,2]","[2,3]",paper_stronger
13n_2908,"[1,2]","[2,2]","[1,2]",paper_stronger
13n_2910,"[1,2]","[2,2]","[1,2]",paper_stronger
13n_2914,"[1,2]","[2,2]","[1,2]",paper_stronger
13n_2915,"[1,2]","[2,2]","[1,2]",paper_stronger
13n_2919,"[1,2]","[2,2]","[1,2]",paper_stronger
13n_2923,"[1,2]","[2,2]","[1,2]",paper_stronger
13n_2924,"[1,2]","[2,2]","[1,2]",paper_stronger
13n_2925,"[1,2]","[2,2]","[1,2]",paper_stronger
13n_2926,"[1,2]","[2,2]","[1,2]",paper_stronger
13n_2927,"[1,2]","[2,2]","[1,2]",paper_stronger
13n_2929,"[1,3]","[2,3]","[1,3]",paper_stronger
13n_2931,"[1,2]","[2,2]","[1,2]",paper_stronger
13n_2933,"[1,3]","[2,3]","[1,3]",paper_stronger
13n_2934,"[1,2]","[2,2]","[1,2]",paper_stronger
13n_2936,"[1,2]","[2,2]","[1,2]",paper_stronger
13n_2937,"[1,2]","[2,2]","[1,2]",paper_stronger
13n_2940,"[1,2]","[2,2]","[1,2]",paper_stronger
13n_2949,"[1,2]","[2,2]","[1,2]",paper_stronger
13n_2951,"[1,3]","[2,3]","[1,3]",paper_stronger
13n_2953,"[1,2]","[2,2]","[1,2]",paper_stronger
13n_2954,"[1,2]","[2,2]","[1,2]",paper_stronger
13n_2955,"[1,2]","[2,2]","[1,2]",paper_stronger
13n_2956,"[1,3]","[2,3]","[1,3]",paper_stronger
13n_2966,"[1,4]","[2,4]","[1,4]",paper_stronger
13n_2967,"[1,2]","[2,2]","[1,2]",paper_stronger
13n_2974,"[1,4]","[2,4]","[1,4]",paper_stronger
13n_2975,"[1,3]","[2,3]","[1,3]",paper_stronger
13n_2976,"[1,3]","[2,3]","[1,3]",paper_stronger
13n_2981,"[1,2]","[2,2]","[1,2]",paper_stronger
13n_2989,"[1,3]","[2,3]","[1,3]",paper_stronger
13n_299,"[1,4]","[1,4]","[1,3]",paper_weaker
13n_2994,"[1,2]","[2,2]","[1,2]",paper_stronger
13n_2997,"[1,2]","[2,2]","[1,2]",paper_stronger
13n_30,"[2,3]","[2,2]","[2,3]",paper_stronger
13n_3002,"[1,2]","[2,2]","[1,2]",paper_stronger
13n_3009,"[1,2]","[2,2]","[1,2]",paper_stronger
13n_3013,"[1,2]","[2,2]","[1,2]",paper_stronger
13n_3032,"[1,2]","[2,2]","[1,2]",paper_stronger
13n_3033,"[2,3]","[2,2]","[2,3]",paper_stronger
13n_3036,"[1,2]","[2,2]","[1,2]",paper_stronger
13n_3045,"[1,2]","[2,2]","[1,2]",paper_stronger
13n_3046,"[1,2]","[2,2]","[1,2]",paper_stronger
13n_3049,"[1,2]","[2,2]","[1,2]",paper_stronger
13n_305,"[3,4]","[3,4]","[3,3]",paper_weaker
13n_3051,"[1,2]","[2,2]","[1,2]",paper_stronger
13n_3068,"[1,2]","[2,2]","[1,2]",paper_stronger
13n_3074,"[1,2]","[2,2]","[1,2]",paper_stronger
13n_3075,"[1,2]","[2,2]","[1,2]",paper_stronger
13n_3083,"[1,2]","[2,2]","[1,2]",paper_stronger
13n_3084,"[1,3]","[2,3]","[1,3]",paper_stronger
13n_3090,"[1,2]","[2,2]","[1,2]",paper_stronger
13n_3096,"[1,2]","[2,2]","[1,2]",paper_stronger
13n_31,"[1,3]","[2,3]","[1,3]",paper_stronger
13n_3101,"[1,2]","[2,2]","[1,2]",paper_stronger
13n_3105,"[1,2]","[2,2]","[1,2]",paper_stronger
13n_3113,"[1,2]","[2,2]","[1,2]",paper_stronger
13n_3127,"[1,3]","[2,3]","[1,3]",paper_stronger
13n_3135,"[1,2]","[2,2]","[1,2]",paper_stronger
13n_3156,"[1,2]","[2,2]","[1,2]",paper_stronger
13n_3158,"[1,2]","[2,2]","[1,2]",paper_stronger
13n_316,"[1,2]","[2,2]","[1,2]",paper_stronger
13n_3165,"[1,2]","[2,2]","[1,2]",paper_stronger
13n_3171,"[1,2]","[2,2]","[1,2]",paper_stronger
13n_3175,"[1,2]","[2,2]","[1,2]",paper_stronger
13n_3176,"[1,2]","[2,2]","[1,2]",paper_stronger
13n_3184,"[1,2]","[2,2]","[1,2]",paper_stronger
13n_3188,"[1,2]","[2,2]","[1,2]",paper_stronger
13n_3190,"[1,2]","[2,2]","[1,2]",paper_stronger
13n_3197,"[1,2]","[2,2]","[1,2]",paper_stronger
13n_3198,"[1,2]","[2,2]","[1,2]",paper_stronger
13n_320,"[1,2]","[2,2]","[1,2]",paper_stronger
13n_3208,"[1,2]","[2,2]","[1,2]",paper_stronger
13n_3220,"[1,2]","[2,2]","[1,2]",paper_stronger
13n_3222,"[1,2]","[2,2]","[1,2]",paper_stronger
13n_3226,"[1,2]","[2,2]","[1,2]",paper_stronger
13n_3228,"[1,2]","[2,2]","[1,2]",paper_stronger
13n_3232,"[1,2]","[2,2]","[1,2]",paper_stronger
13n_3237,"[1,2]","[2,2]","[1,2]",paper_stronger
13n_3240,"[1,2]","[2,2]","[1,2]",paper_stronger
13n_3241,"[1,2]","[2,2]","[1,2]",paper_stronger
13n_3248,"[1,2]","[2,2]","[1,2]",paper_stronger
13n_3258,"[1,2]","[2,2]","[1,2]",paper_stronger
13n_3264,"[1,2]","[2,2]","[1,2]",paper_stronger
13n_327,"[1,2]","[2,2]","[1,2]",paper_stronger
13n_3270,"[1,2]","[2,2]","[1,2]",paper_stronger
13n_3272,"[1,2]","[2,2]","[1,2]",paper_stronger
13n_3279,"[1,2]","[2,2]","[1,2]",paper_stronger
13n_3281,"[1,2]","[2,2]","[1,2]",paper_stronger
13n_3283,"[1,2]","[2,2]","[1,2]",paper_stronger
13n_3289,"[1,2]","[2,2]","[1,2]",paper_stronger
13n_329,"[1,2]","[2,2]","[1,2]",paper_stronger
13n_3299,"[1,2]","[2,2]","[1,2]",paper_stronger
13n_3305,"[1,2]","[2,2]","[1,2]",paper_stronger
13n_3318,"[1,2]","[2,2]","[1,2]",paper_stronger
13n_3322,"[1,2]","[2,2]","[1,2]",paper_stronger
13n_3324,"[1,2]","[2,2]","[1,2]",paper_stronger
13n_3330,"[1,2]","[2,2]","[1,2]",paper_stronger
13n_3333,"[1,2]","[2,2]","[1,2]",paper_stronger
13n_3334,"[1,2]","[2,2]","[1,2]",paper_stronger
13n_3338,"[1,2]","[2,2]","[1,2]",paper_stronger
13n_3352,"[1,2]","[2,2]","[1,2]",paper_stronger
13n_3353,"[1,2]","[2,2]","[1,2]",paper_stronger
13n_3357,"[1,2]","[2,2]","[1,2]",paper_stronger
13n_3358,"[1,2]","[2,2]","[1,2]",paper_stronger
13n_3361,"[1,2]","[2,2]","[1,2]",paper_stronger
13n_3368,"[1,2]","[2,2]","[1,2]",paper_stronger
13n_3370,"[1,3]","[2,2]","[1,3]",paper_stronger
13n_3374,"[1,2]","[2,2]","[1,2]",paper_stronger
13n_3378,"[1,2]","[2,2]","[1,2]",paper_stronger
13n_3389,"[1,2]","[2,2]","[1,2]",paper_stronger
13n_3390,"[3,4]","[3,4]","[3,3]",paper_weaker
13n_3395,"[1,2]","[2,2]","[1,2]",paper_stronger
13n_3396,"[1,2]","[2,2]","[1,2]",paper_stronger
13n_3419,"[1,2]","[2,2]","[1,2]",paper_stronger
13n_342,"[1,2]","[2,2]","[1,2]",paper_stronger
13n_3421,"[1,3]","[2,3]","[1,3]",paper_stronger
13n_3423,"[1,2]","[2,2]","[1,2]",paper_stronger
13n_343,"[1,2]","[2,2]","[1,2]",paper_stronger
13n_3433,"[1,2]","[2,2]","[1,2]",paper_stronger
13n_3435,"[1,2]","[2,2]","[1,2]",paper_stronger
13n_3448,"[1,2]","[2,2]","[1,2]",paper_stronger
13n_3457,"[1,2]","[2,2]","[1,2]",paper_stronger
13n_3459,"[1,2]","[2,2]","[1,2]",paper_stronger
13n_3460,"[1,2]","[2,2]","[1,2]",paper_stronger
13n_3461,"[1,2]","[2,2]","[1,2]",paper_stronger
13n_3470,"[1,3]","[2,3]","[1,3]",paper_stronger
13n_3474,"[1,2]","[2,2]","[1,2]",paper_stronger
13n_3476,"[1,2]","[2,2]","[1,2]",paper_stronger
13n_3486,"[1,2]","[2,2]","[1,2]",paper_stronger
13n_3488,"[1,2]","[2,2]","[1,2]",paper_stronger
13n_349,"[1,2]","[2,2]","[1,2]",paper_stronger
13n_3496,"[1,2]","[2,2]","[1,2]",paper_stronger
13n_3497,"[1,2]","[2,2]","[1,2]",paper_stronger
13n_3503,"[1,3]","[2,3]","[1,3]",paper_stronger
13n_3505,"[1,3]","[2,3]","[1,3]",paper_stronger
13n_3506,"[1,2]","[2,2]","[1,2]",paper_stronger
13n_3507,"[1,3]","[2,3]","[1,3]",paper_stronger
13n_351,"[1,2]","[2,2]","[1,2]",paper_stronger
13n_3513,"[1,2]","[2,2]","[1,2]",paper_stronger
13n_3524,"[1,3]","[2,3]","[1,3]",paper_stronger
13n_3526,"[1,2]","[2,2]","[1,2]",paper_stronger
13n_3529,"[1,2]","[2,2]","[1,2]",paper_stronger
13n_3535,"[1,2]","[2,2]","[1,2]",paper_stronger
13n_3537,"[1,2]","[2,2]","[1,2]",paper_stronger
13n_3539,"[1,3]","[2,3]","[1,3]",paper_stronger
13n_3548,"[1,2]","[2,2]","[1,2]",paper_stronger
13n_3550,"[1,3]","[2,3]","[1,3]",paper_stronger
13n_3553,"[1,2]","[2,2]","[1,2]",paper_stronger
13n_3554,"[1,3]","[2,3]","[1,3]",paper_stronger
13n_3557,"[1,2]","[2,2]","[1,2]",paper_stronger
13n_356,"[1,2]","[2,2]","[1,2]",paper_stronger
13n_3565,"[1,2]","[2,2]","[1,2]",paper_stronger
13n_3571,"[1,2]","[2,2]","[1,2]",paper_stronger
13n_3575,"[1,2]","[2,2]","[1,2]",paper_stronger
13n_3579,"[1,2]","[2,2]","[1,2]",paper_stronger
13n_3586,"[1,2]","[2,2]","[1,2]",paper_stronger
13n_3589,"[2,3]","[2,2]","[2,3]",paper_stronger
13n_3598,"[1,2]","[2,2]","[1,2]",paper_stronger
13n_3606,"[1,2]","[2,2]","[1,2]",paper_stronger
13n_3610,"[1,2]","[2,2]","[1,2]",paper_stronger
13n_3613,"[1,2]","[2,2]","[1,2]",paper_stronger
13n_3614,"[1,2]","[2,2]","[1,2]",paper_stronger
13n_3641,"[1,2]","[2,2]","[1,2]",paper_stronger
13n_3649,"[1,2]","[2,2]","[1,2]",paper_stronger
13n_3651,"[1,2]","[2,2]","[1,2]",paper_stronger
13n_3657,"[1,2]","[2,2]","[1,2]",paper_stronger
13n_3667,"[1,2]","[2,2]","[1,2]",paper_stronger
13n_367,"[1,3]","[2,3]","[1,3]",paper_stronger
13n_3684,"[1,2]","[2,2]","[1,2]",paper_stronger
13n_3689,"[1,2]","[2,2]","[1,2]",paper_stronger
13n_3699,"[1,2]","[2,2]","[1,2]",paper_stronger
13n_3700,"[1,3]","[2,3]","[1,3]",paper_stronger
13n_3708,"[1,2]","[2,2]","[1,2]",paper_stronger
13n_371,"[1,2]","[2,2]","[1,2]",paper_stronger
13n_3714,"[1,2]","[2,2]","[1,2]",paper_stronger
13n_3715,"[1,2]","[2,2]","[1,2]",paper_stronger
13n_3716,"[1,2]","[2,2]","[1,2]",paper_stronger
13n_3717,"[1,2]","[2,2]","[1,2]",paper_stronger
13n_3719,"[1,2]","[2,2]","[1,2]",paper_stronger
13n_3721,"[1,3]","[2,3]","[1,3]",paper_stronger
13n_3723,"[1,2]","[2,2]","[1,2]",paper_stronger
13n_3725,"[1,2]","[2,2]","[1,2]",paper_stronger
13n_3726,"[1,2]","[2,2]","[1,2]",paper_stronger
13n_3727,"[1,2]","[2,2]","[1,2]",paper_stronger
13n_3728,"[1,3]","[2,3]","[1,3]",paper_stronger
13n_3730,"[1,2]","[2,2]","[1,2]",paper_stronger
13n_3733,"[2,3]","[2,3]","[2,2]",paper_weaker
13n_3736,"[1,2]","[2,2]","[1,2]",paper_stronger
13n_374,"[1,2]","[2,2]","[1,2]",paper_stronger
13n_3787,"[1,3]","[2,3]","[1,3]",paper_stronger
13n_3794,"[1,2]","[2,2]","[1,2]",paper_stronger
13n_3796,"[1,2]","[2,2]","[1,2]",paper_stronger
13n_3797,"[1,2]","[2,2]","[1,2]",paper_stronger
13n_3800,"[1,3]","[1,3]","[1,2]",paper_weaker
13n_3801,"[1,3]","[1,3]","[1,2]",paper_weaker
13n_3802,"[1,2]","[2,2]","[1,2]",paper_stronger
13n_3803,"[1,2]","[2,2]","[1,2]",paper_stronger
13n_3806,"[1,2]","[2,2]","[1,2]",paper_stronger
13n_3807,"[1,2]","[2,2]","[1,2]",paper_stronger
13n_3813,"[1,2]","[2,2]","[1,2]",paper_stronger
13n_3816,"[1,2]","[2,2]","[1,2]",paper_stronger
13n_382,"[1,2]","[2,2]","[1,2]",paper_stronger
13n_3822,"[1,2]","[2,2]","[1,2]",paper_stronger
13n_3824,"[1,2]","[2,2]","[1,2]",paper_stronger
13n_3825,"[1,2]","[2,2]","[1,2]",paper_stronger
13n_3830,"[1,2]","[2,2]","[1,2]",paper_stronger
13n_3834,"[1,2]","[2,2]","[1,2]",paper_stronger
13n_3835,"[1,3]","[1,3]","[1,2]",paper_weaker
13n_3836,"[1,3]","[1,3]","[1,2]",paper_weaker
13n_3839,"[1,2]","[2,2]","[1,2]",paper_stronger
13n_3852,"[1,2]","[2,2]","[1,2]",paper_stronger
13n_3889,"[1,2]","[2,2]","[1,2]",paper_stronger
13n_3900,"[1,2]","[2,2]","[1,2]",paper_stronger
13n_3902,"[1,3]","[2,3]","[1,3]",paper_stronger
13n_3905,"[1,2]","[2,2]","[1,2]",paper_stronger
13n_3907,"[1,2]","[2,2]","[1,2]",paper_stronger
13n_3909,"[1,2]","[2,2]","[1,2]",paper_stronger
13n_3918,"[1,2]","[2,2]","[1,2]",paper_stronger
13n_3920,"[1,2]","[2,2]","[1,2]",paper_stronger
13n_3921,"[1,2]","[2,2]","[1,2]",paper_stronger
13n_3923,"[1,3]","[2,3]","[1,3]",paper_stronger
13n_3928,"[1,2]","[2,2]","[1,2]",paper_stronger
13n_3929,"[1,2]","[2,2]","[1,2]",paper_stronger
13n_3940,"[1,2]","[2,2]","[1,2]",paper_stronger
13n_3944,"[1,3]","[2,3]","[1,3]",paper_stronger
13n_3950,"[1,2]","[2,2]","[1,2]",paper_stronger
13n_3953,"[1,2]","[2,2]","[1,2]",paper_stronger
13n_3957,"[1,2]","[2,2]","[1,2]",paper_stronger
13n_3968,"[1,2]","[2,2]","[1,2]",paper_stronger
13n_3977,"[1,2]","[2,2]","[1,2]",paper_stronger
13n_3996,"[1,2]","[2,2]","[1,2]",paper_stronger
13n_400,"[1,3]","[2,3]","[1,3]",paper_stronger
13n_4001,"[1,2]","[2,2]","[1,2]",paper_stronger
13n_4008,"[1,2]","[2,2]","[1,2]",paper_stronger
13n_401,"[1,2]","[2,2]","[1,2]",paper_stronger
13n_4012,"[1,2]","[2,2]","[1,2]",paper_stronger
13n_4020,"[1,2]","[2,2]","[1,2]",paper_stronger
13n_4026,"[1,2]","[2,2]","[1,2]",paper_stronger
13n_4034,"[1,2]","[2,2]","[1,2]",paper_stronger
13n_4035,"[1,2]","[2,2]","[1,2]",paper_stronger
13n_4041,"[1,2]","[2,2]","[1,2]",paper_stronger
13n_4046,"[1,2]","[2,2]","[1,2]",paper_stronger
13n_4048,"[1,2]","[2,2]","[1,2]",paper_stronger
13n_4049,"[1,2]","[2,2]","[1,2]",paper_stronger
13n_4056,"[1,2]","[2,2]","[1,2]",paper_stronger
13n_406,"[1,3]","[2,3]","[1,3]",paper_stronger
13n_4064,"[1,2]","[2,2]","[1,2]",paper_stronger
13n_4073,"[1,2]","[2,2]","[1,2]",paper_stronger
13n_4077,"[1,2]","[2,2]","[1,2]",paper_stronger
13n_408,"[1,2]","[2,2]","[1,2]",paper_stronger
13n_4080,"[1,2]","[2,2]","[1,2]",paper_stronger
13n_4086,"[1,2]","[2,2]","[1,2]",paper_stronger
13n_4089,"[1,2]","[2,2]","[1,2]",paper_stronger
13n_4090,"[1,2]","[2,2]","[1,2]",paper_stronger
13n_4092,"[1,2]","[2,2]","[1,2]",paper_stronger
13n_4094,"[1,2]","[2,2]","[1,2]",paper_stronger
13n_4095,"[1,2]","[2,2]","[1,2]",paper_stronger
13n_4097,"[1,2]","[2,2]","[1,2]",paper_stronger
13n_4098,"[1,2]","[2,2]","[1,2]",paper_stronger
13n_41,"[1,3]","[2,3]","[1,2]",overlapping_incomparable
13n_4106,"[1,2]","[2,2]","[1,2]",paper_stronger
13n_4107,"[1,2]","[2,2]","[1,2]",paper_stronger
13n_4112,"[1,2]","[2,2]","[1,2]",paper_stronger
13n_4113,"[1,2]","[2,2]","[1,2]",paper_stronger
13n_4120,"[1,2]","[2,2]","[1,2]",paper_stronger
13n_4121,"[1,2]","[2,2]","[1,2]",paper_stronger
13n_4122,"[1,2]","[2,2]","[1,2]",paper_stronger
13n_4126,"[1,2]","[2,2]","[1,2]",paper_stronger
13n_414,"[1,2]","[2,2]","[1,2]",paper_stronger
13n_4140,"[1,2]","[2,2]","[1,2]",paper_stronger
13n_4142,"[1,2]","[2,2]","[1,2]",paper_stronger
13n_4147,"[1,2]","[2,2]","[1,2]",paper_stronger
13n_4152,"[1,2]","[2,2]","[1,2]",paper_stronger
13n_4161,"[1,2]","[2,2]","[1,2]",paper_stronger
13n_4163,"[1,2]","[2,2]","[1,2]",paper_stronger
13n_4164,"[1,2]","[2,2]","[1,2]",paper_stronger
13n_4169,"[1,2]","[2,2]","[1,2]",paper_stronger
13n_4173,"[1,2]","[2,2]","[1,2]",paper_stronger
13n_4175,"[1,2]","[2,2]","[1,2]",paper_stronger
13n_418,"[1,3]","[2,3]","[1,3]",paper_stronger
13n_4186,"[1,2]","[2,2]","[1,2]",paper_stronger
13n_4189,"[1,2]","[2,2]","[1,2]",paper_stronger
13n_4198,"[1,2]","[2,2]","[1,2]",paper_stronger
13n_42,"[2,3]","[2,3]","[2,2]",paper_weaker
13n_4201,"[1,2]","[2,2]","[1,2]",paper_stronger
13n_4204,"[1,2]","[2,2]","[1,2]",paper_stronger
13n_4208,"[1,2]","[2,2]","[1,2]",paper_stronger
13n_4209,"[1,2]","[2,2]","[1,2]",paper_stronger
13n_4218,"[1,2]","[2,2]","[1,2]",paper_stronger
13n_4221,"[1,2]","[2,2]","[1,2]",paper_stronger
13n_4225,"[1,2]","[2,2]","[1,2]",paper_stronger
13n_4226,"[1,3]","[2,3]","[1,3]",paper_stronger
13n_4227,"[1,2]","[2,2]","[1,2]",paper_stronger
13n_4232,"[1,2]","[2,2]","[1,2]",paper_stronger
13n_4257,"[1,2]","[2,2]","[1,2]",paper_stronger
13n_4258,"[1,2]","[2,2]","[1,2]",paper_stronger
13n_4262,"[1,3]","[2,3]","[1,3]",paper_stronger
13n_4263,"[1,2]","[2,2]","[1,2]",paper_stronger
13n_4264,"[1,2]","[2,2]","[1,2]",paper_stronger
13n_4270,"[1,2]","[2,2]","[1,2]",paper_stronger
13n_4272,"[1,2]","[2,2]","[1,2]",paper_stronger
13n_4274,"[1,2]","[2,2]","[1,2]",paper_stronger
13n_4275,"[1,2]","[2,2]","[1,2]",paper_stronger
13n_4286,"[1,2]","[2,2]","[1,2]",paper_stronger
13n_4288,"[1,2]","[2,2]","[1,2]",paper_stronger
13n_4289,"[1,2]","[2,2]","[1,2]",paper_stronger
13n_4297,"[1,2]","[2,2]","[1,2]",paper_stronger
13n_4299,"[1,2]","[2,2]","[1,2]",paper_stronger
13n_4300,"[1,2]","[2,2]","[1,2]",paper_stronger
13n_4302,"[1,2]","[2,2]","[1,2]",paper_stronger
13n_4306,"[1,2]","[2,2]","[1,2]",paper_stronger
13n_4311,"[1,2]","[2,2]","[1,2]",paper_stronger
13n_4341,"[1,2]","[2,2]","[1,2]",paper_stronger
13n_4342,"[1,2]","[2,2]","[1,2]",paper_stronger
13n_4343,"[1,3]","[2,3]","[1,3]",paper_stronger
13n_4366,"[1,3]","[2,3]","[1,3]",paper_stronger
13n_4371,"[1,3]","[2,3]","[1,3]",paper_stronger
13n_4378,"[1,2]","[2,2]","[1,2]",paper_stronger
13n_4382,"[1,2]","[2,2]","[1,2]",paper_stronger
13n_4384,"[1,2]","[2,2]","[1,2]",paper_stronger
13n_4387,"[1,2]","[2,2]","[1,2]",paper_stronger
13n_4388,"[1,2]","[2,2]","[1,2]",paper_stronger
13n_4395,"[1,2]","[2,2]","[1,2]",paper_stronger
13n_4406,"[1,2]","[2,2]","[1,2]",paper_stronger
13n_4410,"[1,2]","[2,2]","[1,2]",paper_stronger
13n_4419,"[1,2]","[2,2]","[1,2]",paper_stronger
13n_4425,"[1,2]","[2,2]","[1,2]",paper_stronger
13n_4428,"[1,2]","[2,2]","[1,2]",paper_stronger
13n_4430,"[1,2]","[2,2]","[1,2]",paper_stronger
13n_4436,"[1,2]","[2,2]","[1,2]",paper_stronger
13n_4445,"[1,2]","[2,2]","[1,2]",paper_stronger
13n_4447,"[1,2]","[2,2]","[1,2]",paper_stronger
13n_4452,"[1,2]","[2,2]","[1,2]",paper_stronger
13n_4454,"[1,2]","[2,2]","[1,2]",paper_stronger
13n_4463,"[1,2]","[2,2]","[1,2]",paper_stronger
13n_4465,"[1,2]","[2,2]","[1,2]",paper_stronger
13n_4467,"[1,2]","[2,2]","[1,2]",paper_stronger
13n_4471,"[1,2]","[2,2]","[1,2]",paper_stronger
13n_4472,"[1,2]","[2,2]","[1,2]",paper_stronger
13n_4474,"[1,2]","[2,2]","[1,2]",paper_stronger
13n_4481,"[1,2]","[2,2]","[1,2]",paper_stronger
13n_4483,"[1,2]","[2,2]","[1,2]",paper_stronger
13n_4484,"[1,2]","[2,2]","[1,2]",paper_stronger
13n_4494,"[1,2]","[2,2]","[1,2]",paper_stronger
13n_4495,"[1,2]","[2,2]","[1,2]",paper_stronger
13n_45,"[2,3]","[2,2]","[2,3]",paper_stronger
13n_4500,"[1,2]","[2,2]","[1,2]",paper_stronger
13n_4512,"[1,2]","[2,2]","[1,2]",paper_stronger
13n_4523,"[1,2]","[2,2]","[1,2]",paper_stronger
13n_4527,"[1,2]","[2,2]","[1,2]",paper_stronger
13n_4531,"[1,3]","[2,3]","[1,3]",paper_stronger
13n_4534,"[1,2]","[2,2]","[1,2]",paper_stronger
13n_4540,"[1,2]","[2,2]","[1,2]",paper_stronger
13n_4542,"[1,2]","[2,2]","[1,2]",paper_stronger
13n_4546,"[1,2]","[2,2]","[1,2]",paper_stronger
13n_4550,"[1,2]","[2,2]","[1,2]",paper_stronger
13n_4551,"[1,2]","[2,2]","[1,2]",paper_stronger
13n_4552,"[1,3]","[2,3]","[1,3]",paper_stronger
13n_4553,"[1,2]","[2,2]","[1,2]",paper_stronger
13n_4554,"[1,2]","[2,2]","[1,2]",paper_stronger
13n_4556,"[1,2]","[2,2]","[1,2]",paper_stronger
13n_4558,"[1,2]","[2,2]","[1,2]",paper_stronger
13n_4566,"[1,2]","[2,2]","[1,2]",paper_stronger
13n_4567,"[1,2]","[2,2]","[1,2]",paper_stronger
13n_4570,"[1,2]","[2,2]","[1,2]",paper_stronger
13n_4574,"[1,2]","[2,2]","[1,2]",paper_stronger
13n_4576,"[1,2]","[2,2]","[1,2]",paper_stronger
13n_4583,"[1,2]","[2,2]","[1,2]",paper_stronger
13n_4585,"[1,2]","[2,2]","[1,2]",paper_stronger
13n_4588,"[1,4]","[2,4]","[1,3]",overlapping_incomparable
13n_4594,"[1,2]","[2,2]","[1,2]",paper_stronger
13n_4605,"[1,2]","[2,2]","[1,2]",paper_stronger
13n_4628,"[1,2]","[2,2]","[1,2]",paper_stronger
13n_4632,"[1,2]","[2,2]","[1,2]",paper_stronger
13n_4646,"[1,3]","[2,3]","[1,3]",paper_stronger
13n_4656,"[1,2]","[2,2]","[1,2]",paper_stronger
13n_4657,"[1,2]","[2,2]","[1,2]",paper_stronger
13n_4659,"[1,2]","[2,2]","[1,2]",paper_stronger
13n_4660,"[1,2]","[2,2]","[1,2]",paper_stronger
13n_4663,"[1,2]","[2,2]","[1,2]",paper_stronger
13n_4667,"[1,3]","[2,3]","[1,3]",paper_stronger
13n_4670,"[1,2]","[2,2]","[1,2]",paper_stronger
13n_4671,"[1,2]","[2,2]","[1,2]",paper_stronger
13n_4673,"[1,2]","[2,2]","[1,2]",paper_stronger
13n_4674,"[1,3]","[2,3]","[1,3]",paper_stronger
13n_4676,"[1,2]","[2,2]","[1,2]",paper_stronger
13n_4685,"[1,2]","[2,2]","[1,2]",paper_stronger
13n_4688,"[1,2]","[2,2]","[1,2]",paper_stronger
13n_4689,"[1,2]","[2,2]","[1,2]",paper_stronger
13n_4693,"[1,2]","[2,2]","[1,2]",paper_stronger
13n_4698,"[1,3]","[2,3]","[1,3]",paper_stronger
13n_4704,"[1,2]","[2,2]","[1,2]",paper_stronger
13n_4709,"[1,2]","[2,2]","[1,2]",paper_stronger
13n_4710,"[1,2]","[2,2]","[1,2]",paper_stronger
13n_4713,"[1,2]","[2,2]","[1,2]",paper_stronger
13n_4715,"[1,3]","[2,3]","[1,3]",paper_stronger
13n_4717,"[1,3]","[2,3]","[1,3]",paper_stronger
13n_4720,"[1,2]","[2,2]","[1,2]",paper_stronger
13n_4724,"[1,2]","[2,2]","[1,2]",paper_stronger
13n_4726,"[1,2]","[2,2]","[1,2]",paper_stronger
13n_4727,"[1,2]","[2,2]","[1,2]",paper_stronger
13n_4729,"[1,2]","[2,2]","[1,2]",paper_stronger
13n_4730,"[1,2]","[2,2]","[1,2]",paper_stronger
13n_4732,"[1,2]","[2,2]","[1,2]",paper_stronger
13n_4733,"[1,2]","[2,2]","[1,2]",paper_stronger
13n_4736,"[1,2]","[2,2]","[1,2]",paper_stronger
13n_4743,"[1,2]","[2,2]","[1,2]",paper_stronger
13n_4746,"[1,2]","[2,2]","[1,2]",paper_stronger
13n_4767,"[1,2]","[2,2]","[1,2]",paper_stronger
13n_4768,"[1,2]","[2,2]","[1,2]",paper_stronger
13n_4770,"[1,2]","[2,2]","[1,2]",paper_stronger
13n_4771,"[1,3]","[2,3]","[1,3]",paper_stronger
13n_4787,"[1,2]","[2,2]","[1,2]",paper_stronger
13n_4788,"[1,2]","[2,2]","[1,2]",paper_stronger
13n_4803,"[1,2]","[2,2]","[1,2]",paper_stronger
13n_4809,"[1,2]","[2,2]","[1,2]",paper_stronger
13n_4813,"[1,2]","[2,2]","[1,2]",paper_stronger
13n_4827,"[1,2]","[2,2]","[1,2]",paper_stronger
13n_4831,"[1,3]","[2,3]","[1,3]",paper_stronger
13n_4835,"[1,2]","[2,2]","[1,2]",paper_stronger
13n_4846,"[1,2]","[2,2]","[1,2]",paper_stronger
13n_4849,"[1,2]","[2,2]","[1,2]",paper_stronger
13n_4850,"[1,2]","[2,2]","[1,2]",paper_stronger
13n_4851,"[1,2]","[2,2]","[1,2]",paper_stronger
13n_4853,"[1,2]","[2,2]","[1,2]",paper_stronger
13n_4854,"[1,2]","[2,2]","[1,2]",paper_stronger
13n_4860,"[1,2]","[2,2]","[1,2]",paper_stronger
13n_4861,"[1,2]","[2,2]","[1,2]",paper_stronger
13n_4862,"[1,2]","[2,2]","[1,2]",paper_stronger
13n_4864,"[1,2]","[2,2]","[1,2]",paper_stronger
13n_4869,"[1,2]","[2,2]","[1,2]",paper_stronger
13n_4870,"[1,3]","[2,3]","[1,3]",paper_stronger
13n_4871,"[1,2]","[2,2]","[1,2]",paper_stronger
13n_4872,"[1,2]","[2,2]","[1,2]",paper_stronger
13n_4874,"[1,2]","[2,2]","[1,2]",paper_stronger
13n_4891,"[1,3]","[2,3]","[1,3]",paper_stronger
13n_4892,"[1,3]","[2,3]","[1,3]",paper_stronger
13n_4893,"[1,2]","[2,2]","[1,2]",paper_stronger
13n_4894,"[3,4]","[3,4]","[3,3]",paper_weaker
13n_4899,"[1,2]","[2,2]","[1,2]",paper_stronger
13n_4914,"[1,2]","[2,2]","[1,2]",paper_stronger
13n_4916,"[1,2]","[2,2]","[1,2]",paper_stronger
13n_4919,"[1,2]","[2,2]","[1,2]",paper_stronger
13n_4924,"[1,2]","[2,2]","[1,2]",paper_stronger
13n_4926,"[1,2]","[2,2]","[1,2]",paper_stronger
13n_4932,"[1,3]","[2,3]","[1,3]",paper_stronger
13n_4933,"[1,2]","[2,2]","[1,2]",paper_stronger
13n_4936,"[1,2]","[2,2]","[1,2]",paper_stronger
13n_4937,"[1,2]","[2,2]","[1,2]",paper_stronger
13n_4938,"[1,2]","[2,2]","[1,2]",paper_stronger
13n_4939,"[1,3]","[2,3]","[1,3]",paper_stronger
13n_494,"[1,3]","[2,3]","[1,3]",paper_stronger
13n_4948,"[1,2]","[2,2]","[1,2]",paper_stronger
13n_4955,"[1,2]","[2,2]","[1,2]",paper_stronger
13n_4957,"[1,2]","[2,2]","[1,2]",paper_stronger
13n_4958,"[1,2]","[2,2]","[1,2]",paper_stronger
13n_4962,"[1,2]","[2,2]","[1,2]",paper_stronger
13n_4966,"[1,2]","[2,2]","[1,2]",paper_stronger
13n_4978,"[1,2]","[2,2]","[1,2]",paper_stronger
13n_4982,"[1,2]","[2,2]","[1,2]",paper_stronger
13n_4999,"[1,2]","[2,2]","[1,2]",paper_stronger
13n_50,"[1,2]","[2,2]","[1,2]",paper_stronger
13n_5001,"[1,2]","[2,2]","[1,2]",paper_stronger
13n_5002,"[1,2]","[2,2]","[1,2]",paper_stronger
13n_5003,"[1,2]","[2,2]","[1,2]",paper_stronger
13n_5004,"[1,2]","[2,2]","[1,2]",paper_stronger
13n_5006,"[1,2]","[2,2]","[1,2]",paper_stronger
13n_5009,"[1,3]","[2,3]","[1,3]",paper_stronger
13n_5021,"[1,2]","[2,2]","[1,2]",paper_stronger
13n_5022,"[1,2]","[2,2]","[1,2]",paper_stronger
13n_5028,"[1,2]","[2,2]","[1,2]",paper_stronger
13n_5030,"[1,2]","[2,2]","[1,2]",paper_stronger
13n_5031,"[1,2]","[2,2]","[1,2]",paper_stronger
13n_5032,"[1,3]","[2,3]","[1,3]",paper_stronger
13n_5033,"[1,2]","[2,2]","[1,2]",paper_stronger
13n_5036,"[1,3]","[2,3]","[1,3]",paper_stronger
13n_5038,"[1,2]","[2,2]","[1,2]",paper_stronger
13n_5044,"[1,2]","[2,2]","[1,2]",paper_stronger
13n_5047,"[1,2]","[2,2]","[1,2]",paper_stronger
13n_5058,"[1,2]","[2,2]","[1,2]",paper_stronger
13n_5062,"[1,3]","[2,3]","[1,3]",paper_stronger
13n_5070,"[1,2]","[2,2]","[1,2]",paper_stronger
13n_5081,"[1,2]","[2,2]","[1,2]",paper_stronger
13n_5084,"[1,2]","[2,2]","[1,2]",paper_stronger
13n_5085,"[1,3]","[2,3]","[1,3]",paper_stronger
13n_5086,"[1,2]","[2,2]","[1,2]",paper_stronger
13n_5088,"[1,2]","[2,2]","[1,2]",paper_stronger
13n_5090,"[1,2]","[2,2]","[1,2]",paper_stronger
13n_5091,"[1,2]","[2,2]","[1,2]",paper_stronger
13n_5092,"[1,2]","[2,2]","[1,2]",paper_stronger
13n_5097,"[1,3]","[2,3]","[1,3]",paper_stronger
13n_51,"[1,2]","[2,2]","[1,2]",paper_stronger
13n_5100,"[1,2]","[2,2]","[1,2]",paper_stronger
13n_511,"[1,2]","[2,2]","[1,2]",paper_stronger
13n_5110,"[1,2]","[2,2]","[1,2]",paper_stronger
13n_513,"[1,2]","[2,2]","[1,2]",paper_stronger
13n_519,"[1,2]","[2,2]","[1,2]",paper_stronger
13n_525,"[1,2]","[2,2]","[1,2]",paper_stronger
13n_535,"[1,2]","[2,2]","[1,2]",paper_stronger
13n_545,"[1,2]","[2,2]","[1,2]",paper_stronger
13n_550,"[1,2]","[2,2]","[1,2]",paper_stronger
13n_558,"[1,2]","[2,2]","[1,2]",paper_stronger
13n_562,"[1,2]","[2,2]","[1,2]",paper_stronger
13n_569,"[1,2]","[2,2]","[1,2]",paper_stronger
13n_579,"[1,2]","[2,2]","[1,2]",paper_stronger
13n_6,"[1,2]","[2,2]","[1,2]",paper_stronger
13n_609,"[1,2]","[2,2]","[1,2]",paper_stronger
13n_610,"[1,2]","[2,2]","[1,2]",paper_stronger
13n_613,"[1,2]","[2,2]","[1,2]",paper_stronger
13n_616,"[3,4]","[3,4]","[3,3]",paper_weaker
13n_620,"[1,2]","[2,2]","[1,2]",paper_stronger
13n_653,"[1,2]","[2,2]","[1,2]",paper_stronger
13n_669,"[3,4]","[3,4]","[3,3]",paper_weaker
13n_675,"[2,4]","[2,4]","[2,3]",paper_weaker
13n_679,"[1,2]","[2,2]","[1,2]",paper_stronger
13n_687,"[1,2]","[2,2]","[1,2]",paper_stronger
13n_689,"[1,3]","[2,3]","[1,3]",paper_stronger
13n_699,"[1,2]","[2,2]","[1,2]",paper_stronger
13n_709,"[3,4]","[3,4]","[3,3]",paper_weaker
13n_712,"[1,2]","[2,2]","[1,2]",paper_stronger
13n_714,"[1,3]","[2,3]","[1,3]",paper_stronger
13n_735,"[2,4]","[2,4]","[2,3]",paper_weaker
13n_743,"[1,3]","[1,3]","[1,2]",paper_weaker
13n_747,"[1,2]","[2,2]","[1,2]",paper_stronger
13n_75,"[1,2]","[2,2]","[1,2]",paper_stronger
13n_750,"[1,3]","[2,3]","[1,3]",paper_stronger
13n_756,"[1,2]","[2,2]","[1,2]",paper_stronger
13n_757,"[1,2]","[2,2]","[1,2]",paper_stronger
13n_760,"[1,2]","[2,2]","[1,2]",paper_stronger
13n_775,"[1,2]","[2,2]","[1,2]",paper_stronger
13n_80,"[2,3]","[2,2]","[2,3]",paper_stronger
13n_801,"[1,2]","[2,2]","[1,2]",paper_stronger
13n_81,"[1,3]","[2,3]","[1,3]",paper_stronger
13n_816,"[1,2]","[2,2]","[1,2]",paper_stronger
13n_820,"[1,2]","[2,2]","[1,2]",paper_stronger
13n_824,"[1,2]","[2,2]","[1,2]",paper_stronger
13n_827,"[1,2]","[2,2]","[1,2]",paper_stronger
13n_828,"[1,2]","[2,2]","[1,2]",paper_stronger
13n_85,"[1,2]","[2,2]","[1,2]",paper_stronger
13n_859,"[1,2]","[2,2]","[1,2]",paper_stronger
13n_86,"[1,2]","[2,2]","[1,2]",paper_stronger
13n_868,"[2,4]","[2,4]","[2,3]",paper_weaker
13n_881,"[1,2]","[2,2]","[1,2]",paper_stronger
13n_895,"[1,2]","[2,2]","[1,2]",paper_stronger
13n_904,"[1,2]","[2,2]","[1,2]",paper_stronger
13n_932,"[1,3]","[2,3]","[1,3]",paper_stronger
13n_94,"[1,3]","[2,3]","[1,3]",paper_stronger
13n_940,"[1,2]","[2,2]","[1,2]",paper_stronger
13n_955,"[1,3]","[1,3]","[1,2]",paper_weaker
13n_96,"[1,2]","[2,2]","[1,2]",paper_stronger
13n_982,"[3,4]","[3,4]","[3,3]",paper_weaker
13n_989,"[1,3]","[2,3]","[1,3]",paper_stronger
13n_994,"[1,3]","[2,3]","[1,3]",paper_stronger
